-0.0699818,0.0762591,2.52246
-0.0699818,0.0762591,2.52246
0.0227977,0.158725,2.6643
0.0227977,0.158725,2.6643
0.0211328,0.159268,2.65396
0.0211328,0.159268,2.65396
0.0203563,0.160138,2.65824
0.0203563,0.160138,2.65824
0.0193797,0.159114,2.66239
0.0193797,0.159114,2.66239
0.0199014,0.15856,2.66325
0.0199014,0.15856,2.66325
0.0203232,0.158323,2.66349
0.0203232,0.158323,2.66349
0.0206214,0.158328,2.66365
0.0206214,0.158328,2.66365
0.0192967,0.158303,2.66514
0.0192967,0.158303,2.66514
0.0179465,0.159413,2.66347
0.0179465,0.159413,2.66347
0.0183681,0.160074,2.65586
0.0183681,0.160074,2.65586
0.0162972,0.15644,2.65634
0.0162972,0.15644,2.65634
0.0161168,0.157526,2.65471
0.0161168,0.157526,2.65471
0.0146714,0.15674,2.64388
0.0146714,0.15674,2.64388
0.00963638,0.152993,2.64389
0.00963638,0.152993,2.64389
0.00125874,0.148341,2.63714
0.00125874,0.148341,2.63714
-0.00965995,0.139621,2.61882
-0.00965995,0.139621,2.61882
-0.0219856,0.124997,2.60437
-0.0219856,0.124997,2.60437
-0.0359909,0.104017,2.5853
-0.0359909,0.104017,2.5853
-0.0477263,0.0761882,2.56303
-0.0477263,0.0761882,2.56303
-0.0521102,0.045681,2.54807
-0.0521102,0.045681,2.54807
-0.0542506,0.0104229,2.54018
-0.0542506,0.0104229,2.54018
-0.0505154,-0.0258565,2.52593
-0.0505154,-0.0258565,2.52593
-0.0457636,-0.0565568,2.52056
-0.0457636,-0.0565568,2.52056
-0.0394485,-0.0807456,2.52706
-0.0394485,-0.0807456,2.52706
-0.0276713,-0.104708,2.53917
-0.0276713,-0.104708,2.53917
-0.0148194,-0.123511,2.55491
-0.0148194,-0.123511,2.55491
-0.00297471,-0.138623,2.57322
-0.00297471,-0.138623,2.57322
0.00826698,-0.148882,2.59167
0.00826698,-0.148882,2.59167
0.0197669,-0.155062,2.60803
0.0197669,-0.155062,2.60803
0.0280764,-0.161555,2.61721
0.0280764,-0.161555,2.61721
0.0366889,-0.163173,2.63271
0.0366889,-0.163173,2.63271
0.0420264,-0.166874,2.64329
0.0420264,-0.166874,2.64329
0.0473424,-0.169252,2.66886
0.0473424,-0.169252,2.66886
0.0523513,-0.167616,2.6809
0.0523513,-0.167616,2.6809
0.0559278,-0.166678,2.69585
0.0559278,-0.166678,2.69585
0.0579508,-0.168368,2.70121
0.0579508,-0.168368,2.70121
0.0594759,-0.168227,2.7122
0.0594759,-0.168227,2.7122
0.0605685,-0.167869,2.72056
0.0605685,-0.167869,2.72056
0.0615235,-0.167057,2.72678
0.0615235,-0.167057,2.72678
0.0631677,-0.165937,2.73447
0.0631677,-0.165937,2.73447
0.0641777,-0.164501,2.73387
0.0641777,-0.164501,2.73387
0.0664735,-0.169002,2.74139
0.0664735,-0.169002,2.74139
0.068281,-0.173132,2.74339
0.068281,-0.173132,2.74339
0.0701891,-0.171623,2.75273
0.0701891,-0.171623,2.75273
0.0718455,-0.16945,2.76446
0.0718455,-0.16945,2.76446
0.0734013,-0.171166,2.76606
0.0734013,-0.171166,2.76606
0.0757894,-0.170495,2.77215
0.0757894,-0.170495,2.77215
0.0799291,-0.171523,2.77877
0.0799291,-0.171523,2.77877
0.0835612,-0.172798,2.79276
0.0835612,-0.172798,2.79276
0.0873784,-0.170868,2.79994
0.0873784,-0.170868,2.79994
0.0910241,-0.169897,2.81211
0.0910241,-0.169897,2.81211
0.0962161,-0.16893,2.82111
0.0962161,-0.16893,2.82111
0.100259,-0.176332,2.83069
0.100259,-0.176332,2.83069
0.10557,-0.174206,2.84769
0.10557,-0.174206,2.84769
0.111505,-0.172685,2.86006
0.111505,-0.172685,2.86006
0.115044,-0.178799,2.85896
0.115044,-0.178799,2.85896
0.120502,-0.174012,2.88016
0.120502,-0.174012,2.88016
0.121547,-0.183971,2.87774
0.121547,-0.183971,2.87774
0.129912,-0.169195,2.896
0.129912,-0.169195,2.896
0.121666,-0.211269,2.922
0.121666,-0.211269,2.922
0.126185,-0.202578,2.94158
0.126185,-0.202578,2.94158
0.126947,-0.201155,2.93391
0.126947,-0.201155,2.93391
0.129421,-0.202583,2.93527
0.129421,-0.202583,2.93527
0.13117,-0.204056,2.92956
0.13117,-0.204056,2.92956
0.135238,-0.205428,2.93202
0.135238,-0.205428,2.93202
0.137598,-0.205059,2.93095
0.137598,-0.205059,2.93095
0.139037,-0.20547,2.92816
0.139037,-0.20547,2.92816
0.140862,-0.206107,2.93239
0.140862,-0.206107,2.93239
0.142996,-0.206575,2.94348
0.142996,-0.206575,2.94348
0.14547,-0.206,2.95569
0.14547,-0.206,2.95569
0.143707,-0.206445,2.95117
0.143707,-0.206445,2.95117
0.1437,-0.20784,2.9594
0.1437,-0.20784,2.9594
0.14337,-0.210328,2.9718
0.14337,-0.210328,2.9718
0.146008,-0.21112,2.99621
0.146008,-0.21112,2.99621
0.14794,-0.213764,3.02335
0.14794,-0.213764,3.02335
0.147163,-0.216592,3.03802
0.147163,-0.216592,3.03802
0.145187,-0.218612,3.05374
0.145187,-0.218612,3.05374
0.142054,-0.219985,3.07015
0.142054,-0.219985,3.07015
0.139786,-0.223033,3.08875
0.139786,-0.223033,3.08875
0.139309,-0.223428,3.11327
0.139309,-0.223428,3.11327
0.136288,-0.226444,3.13395
0.136288,-0.226444,3.13395
0.133836,-0.226856,3.15737
0.133836,-0.226856,3.15737
0.132863,-0.230989,3.17887
0.132863,-0.230989,3.17887
0.130474,-0.233495,3.20306
0.130474,-0.233495,3.20306
0.130794,-0.235334,3.23495
0.130794,-0.235334,3.23495
0.12673,-0.235363,3.25316
0.12673,-0.235363,3.25316
0.125412,-0.239431,3.2682
0.125412,-0.239431,3.2682
0.123302,-0.240636,3.29698
0.123302,-0.240636,3.29698
0.121483,-0.244266,3.30615
0.121483,-0.244266,3.30615
0.118204,-0.244917,3.32498
0.118204,-0.244917,3.32498
0.116737,-0.248394,3.33882
0.116737,-0.248394,3.33882
0.115845,-0.251037,3.34469
0.115845,-0.251037,3.34469
0.115161,-0.253209,3.34648
0.115161,-0.253209,3.34648
0.116076,-0.254719,3.35811
0.116076,-0.254719,3.35811
0.115978,-0.254566,3.37708
0.115978,-0.254566,3.37708
0.117481,-0.255047,3.39781
0.117481,-0.255047,3.39781
0.111489,-0.250635,3.34491
0.111489,-0.250635,3.34491
0.111597,-0.255209,3.31699
0.111597,-0.255209,3.31699
0.111391,-0.251995,3.28493
0.111391,-0.251995,3.28493
0.110901,-0.255602,3.27507
0.110901,-0.255602,3.27507
0.111861,-0.257407,3.27011
0.111861,-0.257407,3.27011
0.112163,-0.256207,3.25503
0.112163,-0.256207,3.25503
0.110928,-0.256393,3.23692
0.110928,-0.256393,3.23692
0.110124,-0.258679,3.23893
0.110124,-0.258679,3.23893
0.110474,-0.263059,3.23257
0.110474,-0.263059,3.23257
0.110503,-0.258254,3.24362
0.110503,-0.258254,3.24362
0.110851,-0.259448,3.25819
0.110851,-0.259448,3.25819
0.111504,-0.260927,3.24945
0.111504,-0.260927,3.24945
0.111395,-0.261049,3.2454
0.111395,-0.261049,3.2454
0.112716,-0.2669,3.24302
0.112716,-0.2669,3.24302
0.111348,-0.264888,3.24157
0.111348,-0.264888,3.24157
0.110691,-0.263729,3.24116
0.110691,-0.263729,3.24116
0.111672,-0.265899,3.23398
0.111672,-0.265899,3.23398
0.109995,-0.263075,3.23767
0.109995,-0.263075,3.23767
0.110695,-0.261168,3.23628
0.110695,-0.261168,3.23628
0.109833,-0.264,3.22975
0.109833,-0.264,3.22975
0.109077,-0.264365,3.22804
0.109077,-0.264365,3.22804
0.11031,-0.266302,3.2393
0.11031,-0.266302,3.2393
0.109547,-0.266499,3.24873
0.109547,-0.266499,3.24873
0.106742,-0.264797,3.2497
0.106742,-0.264797,3.2497
0.106143,-0.263346,3.26216
0.106143,-0.263346,3.26216
0.103992,-0.261196,3.26118
0.103992,-0.261196,3.26118
0.102756,-0.255175,3.25858
0.102756,-0.255175,3.25858
0.104451,-0.256583,3.25598
0.104451,-0.256583,3.25598
0.107168,-0.257191,3.24323
0.107168,-0.257191,3.24323
0.104578,-0.257244,3.24637
0.104578,-0.257244,3.24637
0.103306,-0.259968,3.24769
0.103306,-0.259968,3.24769
0.102986,-0.262467,3.24849
0.102986,-0.262467,3.24849
0.105579,-0.265343,3.23756
0.105579,-0.265343,3.23756
0.105744,-0.266063,3.23489
0.105744,-0.266063,3.23489
0.104209,-0.267133,3.23773
0.104209,-0.267133,3.23773
0.105602,-0.265084,3.23797
0.105602,-0.265084,3.23797
0.102069,-0.265152,3.22964
0.102069,-0.265152,3.22964
0.101466,-0.262634,3.22837
0.101466,-0.262634,3.22837
0.101021,-0.263954,3.2262
0.101021,-0.263954,3.2262
0.100885,-0.263344,3.22217
0.100885,-0.263344,3.22217
0.10072,-0.26307,3.22042
0.10072,-0.26307,3.22042
0.0976986,-0.263501,3.21425
0.0976986,-0.263501,3.21425
0.0954383,-0.267182,3.21172
0.0954383,-0.267182,3.21172
0.0928656,-0.269189,3.22083
0.0928656,-0.269189,3.22083
0.0891917,-0.271744,3.22192
0.0891917,-0.271744,3.22192
0.0863296,-0.272068,3.22428
0.0863296,-0.272068,3.22428
0.0853649,-0.270855,3.22387
0.0853649,-0.270855,3.22387
0.0803001,-0.271582,3.22499
0.0803001,-0.271582,3.22499
0.0756424,-0.273622,3.22012
0.0756424,-0.273622,3.22012
0.0729998,-0.272939,3.21907
0.0729998,-0.272939,3.21907
0.0660049,-0.271617,3.23011
0.0660049,-0.271617,3.23011
0.0586263,-0.269347,3.24298
0.0586263,-0.269347,3.24298
0.0547492,-0.262666,3.24973
0.0547492,-0.262666,3.24973
0.0507414,-0.258627,3.24891
0.0507414,-0.258627,3.24891
0.0470223,-0.25371,3.24342
0.0470223,-0.25371,3.24342
0.0415269,-0.253944,3.25375
0.0415269,-0.253944,3.25375
0.0403988,-0.2548,3.24485
0.0403988,-0.2548,3.24485
0.0357945,-0.248622,3.26926
0.0357945,-0.248622,3.26926
0.0328957,-0.247719,3.26898
0.0328957,-0.247719,3.26898
0.0203282,-0.245744,3.29168
0.0203282,-0.245744,3.29168
0.0167433,-0.246424,3.29963
0.0167433,-0.246424,3.29963
0.0160605,-0.246593,3.30132
0.0160605,-0.246593,3.30132
0.0101924,-0.244025,3.31384
0.0101924,-0.244025,3.31384
0.00638656,-0.243261,3.32311
0.00638656,-0.243261,3.32311
0.00381119,-0.244143,3.32765
0.00381119,-0.244143,3.32765
0.000727314,-0.24307,3.33772
0.000727314,-0.24307,3.33772
-0.00153159,-0.243093,3.34896
-0.00153159,-0.243093,3.34896
-0.00598204,-0.242993,3.35221
-0.00598204,-0.242993,3.35221
-0.00786467,-0.247369,3.36296
-0.00786467,-0.247369,3.36296
-0.0141757,-0.245733,3.3686
-0.0141757,-0.245733,3.3686
-0.0192321,-0.250552,3.3802
-0.0192321,-0.250552,3.3802
-0.0241047,-0.253657,3.39538
-0.0241047,-0.253657,3.39538
-0.0364948,-0.259516,3.44329
-0.0364948,-0.259516,3.44329
-0.0450072,-0.26546,3.47402
-0.0450072,-0.26546,3.47402
-0.0534382,-0.27325,3.49104
-0.0534382,-0.27325,3.49104
-0.0616501,-0.2792,3.50467
-0.0616501,-0.2792,3.50467
-0.070039,-0.284746,3.51749
-0.070039,-0.284746,3.51749
-0.0765008,-0.29116,3.53737
-0.0765008,-0.29116,3.53737
-0.0832014,-0.295814,3.54025
-0.0832014,-0.295814,3.54025
-0.0880775,-0.302913,3.55554
-0.0880775,-0.302913,3.55554
-0.0916591,-0.311494,3.56967
-0.0916591,-0.311494,3.56967
-0.0956198,-0.317845,3.57528
-0.0956198,-0.317845,3.57528
-0.0998141,-0.327437,3.58309
-0.0998141,-0.327437,3.58309
-0.101461,-0.33503,3.58523
-0.101461,-0.33503,3.58523
-0.105068,-0.340638,3.59063
-0.105068,-0.340638,3.59063
-0.109123,-0.348845,3.59184
-0.109123,-0.348845,3.59184
-0.110404,-0.354668,3.59302
-0.110404,-0.354668,3.59302
-0.11069,-0.360089,3.59284
-0.11069,-0.360089,3.59284
-0.111273,-0.363955,3.59275
-0.111273,-0.363955,3.59275
-0.110481,-0.368565,3.59576
-0.110481,-0.368565,3.59576
-0.108421,-0.374323,3.60324
-0.108421,-0.374323,3.60324
-0.107892,-0.377809,3.60329
-0.107892,-0.377809,3.60329
-0.10706,-0.37985,3.60751
-0.10706,-0.37985,3.60751
-0.107591,-0.383182,3.61287
-0.107591,-0.383182,3.61287
-0.103854,-0.387744,3.61352
-0.103854,-0.387744,3.61352
-0.103988,-0.388969,3.61419
-0.103988,-0.388969,3.61419
-0.0984514,-0.393753,3.62645
-0.0984514,-0.393753,3.62645
-0.0979917,-0.395941,3.63114
-0.0979917,-0.395941,3.63114
-0.0954772,-0.399388,3.64742
-0.0954772,-0.399388,3.64742
-0.0946057,-0.402091,3.65745
-0.0946057,-0.402091,3.65745
-0.0895472,-0.407065,3.65847
-0.0895472,-0.407065,3.65847
-0.0872441,-0.410925,3.65252
-0.0872441,-0.410925,3.65252
-0.0866881,-0.412835,3.64997
-0.0866881,-0.412835,3.64997
-0.0821287,-0.418143,3.65911
-0.0821287,-0.418143,3.65911
-0.0798393,-0.421052,3.67123
-0.0798393,-0.421052,3.67123
-0.0788535,-0.421429,3.66226
-0.0788535,-0.421429,3.66226
-0.0781007,-0.421754,3.66644
-0.0781007,-0.421754,3.66644
-0.0722482,-0.428887,3.67681
-0.0722482,-0.428887,3.67681
-0.0636551,-0.437504,3.68085
-0.0636551,-0.437504,3.68085
-0.060882,-0.440259,3.69214
-0.060882,-0.440259,3.69214
-0.0593344,-0.441424,3.69888
-0.0593344,-0.441424,3.69888
-0.0571809,-0.440817,3.71296
-0.0571809,-0.440817,3.71296
-0.0558091,-0.441137,3.72932
-0.0558091,-0.441137,3.72932
-0.0561422,-0.439572,3.74829
-0.0561422,-0.439572,3.74829
-0.0538352,-0.439734,3.76925
-0.0538352,-0.439734,3.76925
-0.0518919,-0.434756,3.78342
-0.0518919,-0.434756,3.78342
-0.0462319,-0.434811,3.78823
-0.0462319,-0.434811,3.78823
-0.0434916,-0.432171,3.81411
-0.0434916,-0.432171,3.81411
-0.0447416,-0.428927,3.83661
-0.0447416,-0.428927,3.83661
-0.0443804,-0.425378,3.84256
-0.0443804,-0.425378,3.84256
-0.0412539,-0.425549,3.84978
-0.0412539,-0.425549,3.84978
-0.0404484,-0.420614,3.86427
-0.0404484,-0.420614,3.86427
-0.0398206,-0.415241,3.88855
-0.0398206,-0.415241,3.88855
-0.0395652,-0.413633,3.88984
-0.0395652,-0.413633,3.88984
-0.0366472,-0.41753,3.88186
-0.0366472,-0.41753,3.88186
-0.0347701,-0.419385,3.88533
-0.0347701,-0.419385,3.88533
-0.0334993,-0.418369,3.88022
-0.0334993,-0.418369,3.88022
-0.0302903,-0.416685,3.87925
-0.0302903,-0.416685,3.87925
-0.027522,-0.417584,3.87944
-0.027522,-0.417584,3.87944
-0.0259298,-0.415523,3.86556
-0.0259298,-0.415523,3.86556
-0.0248999,-0.414881,3.87642
-0.0248999,-0.414881,3.87642
-0.0249044,-0.41546,3.87153
-0.0249044,-0.41546,3.87153
-0.0235846,-0.414003,3.8662
-0.0235846,-0.414003,3.8662
-0.0250985,-0.415572,3.87112
-0.0250985,-0.415572,3.87112
-0.0247958,-0.413769,3.87434
-0.0247958,-0.413769,3.87434
-0.0247613,-0.415769,3.87175
-0.0247613,-0.415769,3.87175
-0.0252121,-0.413714,3.8806
-0.0252121,-0.413714,3.8806
-0.0243605,-0.413468,3.8817
-0.0243605,-0.413468,3.8817
-0.0245278,-0.41239,3.87971
-0.0245278,-0.41239,3.87971
-0.0251019,-0.41129,3.8817
-0.0251019,-0.41129,3.8817
-0.0266352,-0.411635,3.8733
-0.0266352,-0.411635,3.8733
-0.0272965,-0.413053,3.86494
-0.0272965,-0.413053,3.86494
-0.0266944,-0.417858,3.85886
-0.0266944,-0.417858,3.85886
-0.027685,-0.418664,3.85597
-0.027685,-0.418664,3.85597
-0.0287399,-0.418835,3.84514
-0.0287399,-0.418835,3.84514
-0.029126,-0.418801,3.84994
-0.029126,-0.418801,3.84994
-0.0309,-0.417772,3.8523
-0.0309,-0.417772,3.8523
-0.0313759,-0.417159,3.85662
-0.0313759,-0.417159,3.85662
-0.0313178,-0.415568,3.86099
-0.0313178,-0.415568,3.86099
-0.0326009,-0.414741,3.86291
-0.0326009,-0.414741,3.86291
-0.0325354,-0.415871,3.86289
-0.0325354,-0.415871,3.86289
-0.0331473,-0.415355,3.86683
-0.0331473,-0.415355,3.86683
-0.0343955,-0.415444,3.8671
-0.0343955,-0.415444,3.8671
-0.0359802,-0.410327,3.86797
-0.0359802,-0.410327,3.86797
-0.0329481,-0.416409,3.84389
-0.0329481,-0.416409,3.84389
-0.0315289,-0.418692,3.84006
-0.0315289,-0.418692,3.84006
-0.0317251,-0.419252,3.85173
-0.0317251,-0.419252,3.85173
-0.0322657,-0.421463,3.85094
-0.0322657,-0.421463,3.85094
-0.033415,-0.422642,3.84852
-0.033415,-0.422642,3.84852
-0.0333069,-0.420067,3.84419
-0.0333069,-0.420067,3.84419
-0.0326636,-0.42132,3.83249
-0.0326636,-0.42132,3.83249
-0.0307388,-0.421881,3.82374
-0.0307388,-0.421881,3.82374
-0.0287802,-0.420788,3.83005
-0.0287802,-0.420788,3.83005
-0.0285802,-0.42171,3.82978
-0.0285802,-0.42171,3.82978
-0.0283714,-0.420633,3.8319
-0.0283714,-0.420633,3.8319
-0.0291284,-0.420363,3.83528
-0.0291284,-0.420363,3.83528
-0.0283435,-0.42225,3.82856
-0.0283435,-0.42225,3.82856
-0.0256974,-0.423379,3.81962
-0.0256974,-0.423379,3.81962
-0.0263209,-0.422571,3.82847
-0.0263209,-0.422571,3.82847
-0.0313865,-0.419371,3.84551
-0.0313865,-0.419371,3.84551
-0.0329016,-0.418017,3.85265
-0.0329016,-0.418017,3.85265
-0.0333415,-0.417794,3.85738
-0.0333415,-0.417794,3.85738
-0.0332296,-0.418293,3.86104
-0.0332296,-0.418293,3.86104
-0.0335468,-0.416983,3.86182
-0.0335468,-0.416983,3.86182
-0.0334453,-0.418573,3.85234
-0.0334453,-0.418573,3.85234
-0.0319692,-0.417023,3.84876
-0.0319692,-0.417023,3.84876
-0.031912,-0.416295,3.84801
-0.031912,-0.416295,3.84801
-0.0287305,-0.417914,3.84259
-0.0287305,-0.417914,3.84259
-0.0266253,-0.418731,3.8393
-0.0266253,-0.418731,3.8393
-0.0274248,-0.418204,3.84495
-0.0274248,-0.418204,3.84495
-0.0285479,-0.41842,3.84939
-0.0285479,-0.41842,3.84939
-0.0297877,-0.418073,3.85195
-0.0297877,-0.418073,3.85195
-0.0285781,-0.418617,3.85086
-0.0285781,-0.418617,3.85086
-0.0280115,-0.418854,3.85286
-0.0280115,-0.418854,3.85286
-0.028167,-0.419396,3.8526
-0.028167,-0.419396,3.8526
-0.0281193,-0.418064,3.84882
-0.0281193,-0.418064,3.84882
-0.0250879,-0.422352,3.84166
-0.0250879,-0.422352,3.84166
-0.0254081,-0.423697,3.84177
-0.0254081,-0.423697,3.84177
-0.0224673,-0.423697,3.83013
-0.0224673,-0.423697,3.83013
-0.0233298,-0.42254,3.81855
-0.0233298,-0.42254,3.81855
-0.023078,-0.419878,3.82883
-0.023078,-0.419878,3.82883
-0.0215369,-0.422081,3.81988
-0.0215369,-0.422081,3.81988
-0.023434,-0.422714,3.82741
-0.023434,-0.422714,3.82741
-0.025112,-0.421364,3.83929
-0.025112,-0.421364,3.83929
-0.0283827,-0.419531,3.85295
-0.0283827,-0.419531,3.85295
-0.0284117,-0.419749,3.85878
-0.0284117,-0.419749,3.85878
-0.0289929,-0.418718,3.85751
-0.0289929,-0.418718,3.85751
-0.0293029,-0.418691,3.85637
-0.0293029,-0.418691,3.85637
-0.0302122,-0.418513,3.8545
-0.0302122,-0.418513,3.8545
-0.0263373,-0.421738,3.83991
-0.0263373,-0.421738,3.83991
-0.0250226,-0.421918,3.83155
-0.0250226,-0.421918,3.83155
-0.0286079,-0.419881,3.83629
-0.0286079,-0.419881,3.83629
-0.0283682,-0.417423,3.84444
-0.0283682,-0.417423,3.84444
-0.0286743,-0.417174,3.84535
-0.0286743,-0.417174,3.84535
-0.0287827,-0.419964,3.83401
-0.0287827,-0.419964,3.83401
-0.0293922,-0.422701,3.83937
-0.0293922,-0.422701,3.83937
-0.029991,-0.420098,3.84565
-0.029991,-0.420098,3.84565
-0.0291206,-0.419702,3.84634
-0.0291206,-0.419702,3.84634
-0.0294687,-0.419638,3.8511
-0.0294687,-0.419638,3.8511
-0.0313583,-0.419202,3.83878
-0.0313583,-0.419202,3.83878
-0.0305323,-0.420866,3.84254
-0.0305323,-0.420866,3.84254
-0.0314459,-0.418063,3.84871
-0.0314459,-0.418063,3.84871
-0.0327964,-0.417328,3.85235
-0.0327964,-0.417328,3.85235
-0.0329991,-0.417615,3.85042
-0.0329991,-0.417615,3.85042
-0.0320652,-0.418305,3.84148
-0.0320652,-0.418305,3.84148
-0.0320978,-0.417529,3.83806
-0.0320978,-0.417529,3.83806
-0.0320394,-0.418076,3.84972
-0.0320394,-0.418076,3.84972
-0.0315692,-0.416587,3.85838
-0.0315692,-0.416587,3.85838
-0.0299534,-0.421094,3.85164
-0.0299534,-0.421094,3.85164
-0.0315318,-0.416369,3.86166
-0.0315318,-0.416369,3.86166
-0.0303593,-0.41728,3.85836
-0.0303593,-0.41728,3.85836
-0.0280876,-0.419016,3.84929
-0.0280876,-0.419016,3.84929
-0.0283374,-0.418888,3.84681
-0.0283374,-0.418888,3.84681
-0.0312129,-0.415832,3.8463
-0.0312129,-0.415832,3.8463
-0.0320799,-0.415212,3.8444
-0.0320799,-0.415212,3.8444
-0.031264,-0.41537,3.84538
-0.031264,-0.41537,3.84538
-0.03074,-0.416133,3.85202
-0.03074,-0.416133,3.85202
-0.031018,-0.41812,3.85385
-0.031018,-0.41812,3.85385
-0.0301904,-0.418712,3.85489
-0.0301904,-0.418712,3.85489
-0.0305035,-0.418115,3.85522
-0.0305035,-0.418115,3.85522
-0.0292987,-0.419033,3.84852
-0.0292987,-0.419033,3.84852
-0.0308893,-0.420315,3.8342
-0.0308893,-0.420315,3.8342
-0.0290105,-0.42182,3.83967
-0.0290105,-0.42182,3.83967
-0.0252092,-0.416068,3.81254
-0.0252092,-0.416068,3.81254
-0.0250826,-0.418176,3.82384
-0.0250826,-0.418176,3.82384
-0.0259978,-0.419921,3.82222
-0.0259978,-0.419921,3.82222
-0.0269635,-0.421301,3.83995
-0.0269635,-0.421301,3.83995
-0.0275879,-0.419676,3.8493
-0.0275879,-0.419676,3.8493
-0.0273985,-0.421194,3.85804
-0.0273985,-0.421194,3.85804
-0.02962,-0.418434,3.8484
-0.02962,-0.418434,3.8484
-0.0299566,-0.419417,3.84862
-0.0299566,-0.419417,3.84862
-0.0306485,-0.417727,3.86156
-0.0306485,-0.417727,3.86156
-0.0305322,-0.417944,3.85456
-0.0305322,-0.417944,3.85456
-0.0302334,-0.418707,3.84959
-0.0302334,-0.418707,3.84959
-0.0306653,-0.418605,3.84712
-0.0306653,-0.418605,3.84712
-0.0299377,-0.418399,3.85573
-0.0299377,-0.418399,3.85573
-0.0313741,-0.415078,3.86286
-0.0313741,-0.415078,3.86286
-0.0315997,-0.417703,3.85714
-0.0315997,-0.417703,3.85714
-0.0307001,-0.420126,3.86249
-0.0307001,-0.420126,3.86249
-0.0313389,-0.418243,3.8549
-0.0313389,-0.418243,3.8549
-0.0303397,-0.421053,3.84974
-0.0303397,-0.421053,3.84974
-0.0306144,-0.420354,3.84498
-0.0306144,-0.420354,3.84498
-0.0307204,-0.419322,3.84565
-0.0307204,-0.419322,3.84565
-0.0307899,-0.417137,3.84702
-0.0307899,-0.417137,3.84702
-0.0313941,-0.418993,3.83901
-0.0313941,-0.418993,3.83901
-0.0301992,-0.42052,3.83756
-0.0301992,-0.42052,3.83756
-0.0295049,-0.421443,3.83687
-0.0292763,-0.420417,3.83912
-0.0309424,-0.419692,3.84719
-0.03137,-0.419695,3.85559
-0.0321802,-0.4166,3.8608
-0.0315609,-0.418658,3.85256
-0.0305269,-0.418529,3.84858
-0.0315705,-0.418751,3.84489
-0.0321218,-0.417782,3.84569
-0.0321726,-0.419462,3.83994
-0.0342645,-0.41504,3.85324
-0.0327113,-0.419361,3.85214
-0.0329986,-0.419695,3.85974
-0.0333007,-0.42085,3.8518
-0.0318327,-0.422662,3.8466
-0.0315163,-0.420512,3.83964
-0.0321149,-0.417805,3.8458
-0.0336896,-0.413257,3.86462
-0.0320197,-0.417444,3.86831
-0.0291836,-0.418414,3.86459
-0.0321794,-0.417818,3.8609
-0.0330907,-0.418734,3.86517
-0.0331918,-0.416618,3.86551
-0.0328684,-0.415863,3.86542
-0.0335263,-0.417776,3.86099
-0.0338604,-0.415284,3.86042
-0.0316209,-0.417757,3.85654
-0.0321155,-0.418294,3.85029
-0.0338525,-0.415647,3.83729
-0.0338565,-0.417065,3.84746
-0.0284526,-0.422164,3.82346
-0.0266353,-0.429145,3.81767
-0.0255171,-0.431442,3.8086
-0.0286259,-0.426666,3.82214
-0.0313524,-0.418325,3.83333
-0.0313499,-0.421142,3.84694
-0.0302318,-0.417063,3.83675
-0.0308234,-0.418953,3.84519
-0.03141,-0.420997,3.83887
-0.031231,-0.420625,3.8442
-0.0316658,-0.420128,3.8418
-0.0318718,-0.419531,3.84034
-0.0324775,-0.41699,3.84519
-0.0328548,-0.416398,3.84389
-0.0321424,-0.420419,3.84093
-0.0323429,-0.421443,3.84478
-0.0327597,-0.42083,3.83885
-0.0329241,-0.420294,3.85001
-0.0319821,-0.423755,3.84872
-0.0324681,-0.422778,3.83849
-0.0328579,-0.421337,3.8443
-0.0329602,-0.421126,3.84768
-0.0321706,-0.421549,3.84011
-0.0325326,-0.421287,3.83928
-0.0325383,-0.423567,3.84431
-0.0319517,-0.421567,3.83763
-0.0318576,-0.420885,3.83967
-0.0318463,-0.421649,3.83902
-0.0323832,-0.418724,3.85337
-0.0312847,-0.418891,3.85804
-0.0316848,-0.420209,3.85593
-0.0317637,-0.42073,3.84454
-0.0319682,-0.421716,3.84679
-0.0327665,-0.422321,3.85059
-0.0297976,-0.422833,3.8507
-0.0267508,-0.424155,3.8328
-0.0249952,-0.424352,3.82426
-0.0272977,-0.42225,3.83386
-0.0295296,-0.421188,3.83446
-0.0267418,-0.423958,3.83797
-0.026132,-0.421387,3.83553
-0.0256785,-0.423281,3.83322
-0.0246463,-0.423721,3.83115
-0.0234496,-0.424989,3.83612
-0.0223664,-0.425753,3.83855
-0.0217493,-0.424514,3.84124
-0.0211932,-0.425424,3.84221
-0.0202554,-0.425055,3.84518
-0.0199785,-0.424009,3.84533
-0.020993,-0.424907,3.84916
-0.0205493,-0.425476,3.85323
-0.0214552,-0.424981,3.85775
-0.0213832,-0.424669,3.85663
-0.0207825,-0.424398,3.85758
-0.0216158,-0.424464,3.8634
-0.0220678,-0.423981,3.86161
-0.0227198,-0.42489,3.85971
-0.0226812,-0.424142,3.86071
-0.0231664,-0.421433,3.86287
-0.0245556,-0.419717,3.86413
-0.0247474,-0.419945,3.86402
-0.0256408,-0.419264,3.86446
-0.0259223,-0.420275,3.86154
-0.0254716,-0.421042,3.86016
-0.0257094,-0.421122,3.85991
-0.0254057,-0.42032,3.86012
-0.0259887,-0.420646,3.86337
-0.0265411,-0.418263,3.86469
-0.0260443,-0.418464,3.86293
-0.0256265,-0.418998,3.86182
-0.0257036,-0.41805,3.86432
-0.0262672,-0.41717,3.86471
-0.0263619,-0.414981,3.86554
-0.0258813,-0.414671,3.86631
-0.0258786,-0.418395,3.8618
-0.0260271,-0.415465,3.85595
-0.0257868,-0.416932,3.85748
-0.0265339,-0.41555,3.85924
-0.0260024,-0.419125,3.85915
-0.0267711,-0.418043,3.85334
-0.026601,-0.419931,3.85811
-0.0265081,-0.417669,3.86264
-0.0265381,-0.419676,3.8613
-0.0272471,-0.415796,3.8622
-0.0273228,-0.41606,3.86278
-0.0261257,-0.417932,3.86037
-0.0263325,-0.41907,3.85929
-0.0263493,-0.41667,3.8616
-0.0263179,-0.417053,3.86327
-0.0270608,-0.416747,3.86471
-0.0265064,-0.417302,3.86255
-0.026613,-0.41754,3.86151
-0.0263755,-0.417488,3.86088
-0.0257906,-0.417454,3.86356
-0.0252428,-0.419073,3.86133
-0.0260845,-0.415568,3.86728
-0.0261607,-0.414397,3.8605
-0.0259046,-0.416321,3.86198
-0.0268279,-0.414801,3.86406
-0.0268717,-0.415419,3.86502
-0.0261578,-0.417027,3.86347
-0.0256874,-0.418418,3.86247
-0.0256535,-0.418809,3.86218
-0.0257043,-0.418499,3.86199
-0.0255406,-0.419745,3.85885
-0.0255182,-0.419584,3.85839
-0.0253949,-0.418809,3.86014
-0.0265144,-0.417903,3.86293
-0.0265213,-0.419513,3.86109
-0.0271104,-0.418739,3.86072
-0.0272804,-0.418217,3.86303
-0.027077,-0.41775,3.86351
-0.0267424,-0.419001,3.86066
-0.0269522,-0.417696,3.86246
-0.0269549,-0.419051,3.86262
-0.0263625,-0.420006,3.8633
-0.0262266,-0.420108,3.86116
-0.0258196,-0.421598,3.85872
-0.0262053,-0.419691,3.85887
-0.0262611,-0.419061,3.85974
-0.0265884,-0.420288,3.85922
-0.0272844,-0.414033,3.85817
-0.0270572,-0.41528,3.86214
-0.0273847,-0.416124,3.86426
-0.0273193,-0.418158,3.86153
-0.0263561,-0.419614,3.86147
-0.0258721,-0.420355,3.85958
-0.0259102,-0.420268,3.85882
-0.0264731,-0.419053,3.85876
-0.0257442,-0.419363,3.85897
-0.0261649,-0.419628,3.85826
-0.0266936,-0.419524,3.85856
-0.0270208,-0.418293,3.85928
-0.0269662,-0.416885,3.86193
-0.0266778,-0.41665,3.8662
-0.0275202,-0.417504,3.8645
-0.0275021,-0.417736,3.86352
-0.0271856,-0.418448,3.86232
-0.0271789,-0.418211,3.86466
-0.0271243,-0.418287,3.86461
-0.0272357,-0.418421,3.86417
-0.0265645,-0.418666,3.86189
-0.0261484,-0.418426,3.86404
-0.0271205,-0.41835,3.863
-0.0262415,-0.417871,3.86481
-0.0271896,-0.417575,3.86421
-0.0276349,-0.416521,3.86689
-0.0276862,-0.416696,3.86531
-0.0278431,-0.417416,3.86478
-0.0278186,-0.41765,3.8631
-0.0271818,-0.418587,3.86136
-0.0271163,-0.418259,3.86247
-0.0266488,-0.417889,3.86195
-0.0268904,-0.416675,3.86737
-0.0265372,-0.417144,3.86816
-0.0267883,-0.416422,3.86694
-0.0261548,-0.416476,3.86675
-0.0262814,-0.417495,3.86558
-0.0264656,-0.418292,3.86261
-0.026676,-0.418473,3.86194
-0.0266531,-0.4188,3.86398
-0.0262839,-0.418593,3.86369
-0.0265075,-0.417968,3.86309
-0.0263082,-0.417336,3.86301
-0.0259131,-0.418234,3.86327
-0.0259054,-0.416963,3.86643
-0.0261053,-0.416592,3.86642
-0.0268642,-0.416569,3.86361
-0.0268569,-0.416257,3.86567
-0.0269147,-0.416065,3.86525
-0.0272224,-0.416188,3.86433
-0.0275213,-0.417064,3.86095
-0.028043,-0.417376,3.8622
-0.0279839,-0.41737,3.86171
-0.0284834,-0.416555,3.86378
-0.0286233,-0.41703,3.86366
-0.0281932,-0.41896,3.86336
-0.0275837,-0.41723,3.86494
-0.028473,-0.416271,3.86619
-0.0275129,-0.416841,3.86568
-0.0271979,-0.417004,3.86368
-0.0268042,-0.417878,3.86261
-0.0273008,-0.416971,3.86797
-0.0271575,-0.417457,3.86667
-0.0279663,-0.414651,3.8718
-0.0278519,-0.414347,3.8684
-0.0278578,-0.417493,3.86413
-0.0272479,-0.41665,3.8635
-0.0280616,-0.416286,3.86571
-0.0282012,-0.416704,3.86426
-0.0277429,-0.416585,3.86422
-0.0279827,-0.419775,3.86376
-0.0272826,-0.418085,3.86427
-0.0269864,-0.41847,3.86235
-0.0272613,-0.419746,3.86398
-0.0269736,-0.417496,3.86596
-0.0271882,-0.417313,3.86537
-0.0268762,-0.418748,3.8646
-0.0276044,-0.416941,3.86842
-0.0279963,-0.416652,3.86725
-0.0270631,-0.420239,3.86166
-0.0276701,-0.416916,3.86649
-0.02722,-0.416479,3.86675
-0.0274493,-0.416648,3.86597
-0.0275764,-0.417701,3.86398
-0.0275162,-0.417355,3.863
-0.0275848,-0.418111,3.86285
-0.0268869,-0.417815,3.86497
-0.0270599,-0.419247,3.86256
-0.0272082,-0.418725,3.8617
-0.0275875,-0.419395,3.85932
-0.0277825,-0.413992,3.86092
-0.0277831,-0.414473,3.86543
-0.0281053,-0.41468,3.86572
-0.0276653,-0.416349,3.86463
-0.0271696,-0.417279,3.86307
-0.0278704,-0.417001,3.86186
-0.0273822,-0.416801,3.86234
-0.0272075,-0.417312,3.8633
-0.0268783,-0.418842,3.86314
-0.0273261,-0.417296,3.86327
-0.028222,-0.417635,3.86213
-0.0283289,-0.416986,3.86248
-0.0279852,-0.417701,3.86315
-0.0278361,-0.417696,3.86104
-0.0284462,-0.417286,3.85919
-0.0277348,-0.41726,3.86044
-0.0278374,-0.416675,3.86254
-0.0276535,-0.417267,3.86268
-0.0274752,-0.416986,3.863
-0.0273138,-0.416907,3.86339
-0.0280572,-0.417186,3.86134
-0.0275892,-0.418804,3.85896
-0.026702,-0.419672,3.86035
-0.0273176,-0.419162,3.85945
-0.0265288,-0.418524,3.86242
-0.0267486,-0.418589,3.86175
-0.026655,-0.418411,3.86361
-0.0276867,-0.417541,3.86797
-0.0272154,-0.417812,3.86724
-0.0273533,-0.417759,3.86573
-0.0276482,-0.41814,3.86418
-0.0276008,-0.418193,3.86533
-0.0278028,-0.416756,3.86591
-0.0280758,-0.417473,3.86284
-0.0282911,-0.416975,3.8637
-0.0285877,-0.416738,3.8649
-0.0282366,-0.419212,3.86041
-0.0281166,-0.418752,3.86339
-0.027168,-0.42068,3.85865
-0.0261497,-0.421366,3.85848
-0.0274999,-0.417746,3.86155
-0.0275289,-0.417699,3.8634
-0.0271483,-0.417196,3.86331
-0.0280249,-0.417124,3.86104
-0.0282888,-0.417732,3.86133
-0.0277755,-0.418239,3.86099
-0.0269256,-0.41817,3.86094
-0.0269942,-0.417009,3.86083
-0.0274075,-0.416786,3.86216
-0.0274416,-0.417519,3.86306
-0.0277622,-0.41775,3.86168
-0.0280567,-0.416827,3.86478
-0.0282865,-0.416088,3.86505
-0.0289562,-0.415917,3.86432
-0.0277561,-0.417022,3.86352
-0.0281688,-0.416928,3.86332
-0.0272463,-0.417127,3.86383
-0.0274505,-0.417663,3.8627
-0.0271733,-0.418576,3.86346
-0.0275738,-0.417679,3.8616
-0.0276196,-0.417086,3.86367
-0.0275476,-0.41709,3.86457
-0.0272964,-0.417883,3.86426
-0.0276018,-0.417623,3.86571
-0.0268206,-0.418395,3.86351
-0.0270806,-0.417551,3.86442
-0.0273692,-0.417689,3.86161
-0.0280386,-0.417211,3.86347
-0.0276642,-0.417296,3.86219
-0.0279466,-0.417714,3.86061
-0.0274091,-0.418021,3.85903
-0.0275077,-0.417608,3.86078
-0.0262642,-0.418864,3.85957
-0.0276033,-0.417011,3.85394
-0.0275756,-0.416953,3.85961
-0.0269137,-0.417773,3.86068
-0.0267633,-0.419349,3.85813
-0.0273616,-0.417485,3.85924
-0.0273143,-0.417925,3.85955
-0.0270129,-0.416199,3.8632
-0.0267899,-0.416925,3.86443
-0.0262259,-0.417034,3.86245
-0.0260832,-0.418498,3.86245
-0.0259911,-0.419848,3.86011
-0.0261535,-0.420431,3.85767
-0.0259889,-0.420438,3.85908
-0.0264459,-0.419797,3.85705
-0.0270809,-0.417067,3.86132
-0.0266135,-0.417264,3.86336
-0.0263774,-0.417682,3.8621
-0.0275957,-0.418351,3.86002
-0.0278185,-0.418393,3.85999
-0.0276795,-0.418258,3.86036
-0.0276373,-0.417351,3.86045
-0.0281078,-0.417509,3.86091
-0.0271612,-0.41875,3.85884
-0.0273402,-0.418227,3.85927
-0.0274645,-0.417734,3.85928
-0.0276474,-0.416913,3.86106
-0.0282045,-0.416223,3.86603
-0.0273976,-0.41794,3.86376
-0.0276479,-0.416382,3.86321
-0.0273727,-0.417388,3.86263
-0.0279442,-0.415915,3.8678
-0.0278129,-0.417332,3.86637
-0.0274391,-0.419989,3.86324
-0.0270925,-0.419711,3.86094
-0.0276734,-0.417906,3.86258
-0.0277794,-0.417203,3.86604
-0.0270825,-0.417066,3.86564
-0.0269984,-0.417695,3.86532
-0.0270309,-0.418494,3.86499
-0.0270046,-0.419046,3.86449
-0.0270078,-0.418758,3.86454
-0.0268482,-0.421109,3.86234
-0.0270537,-0.418696,3.86434
-0.0266285,-0.421271,3.86313
-0.026775,-0.419502,3.86447
-0.0267793,-0.420187,3.86423
-0.0268395,-0.417414,3.86836
-0.0263571,-0.418984,3.86749
-0.0268226,-0.419726,3.86318
-0.0258933,-0.421243,3.86259
-0.0261138,-0.42174,3.86166
-0.0262694,-0.420671,3.86285
-0.0264975,-0.420187,3.86159
-0.0262992,-0.421878,3.86076
-0.0264591,-0.421639,3.85925
-0.0264306,-0.421435,3.86044
-0.0261477,-0.421236,3.85996
-0.0260225,-0.422322,3.85936
-0.0264128,-0.423022,3.86032
-0.026433,-0.422883,3.8609
-0.0267706,-0.422621,3.86158
-0.0261744,-0.422321,3.86069
-0.0264251,-0.421766,3.86003
-0.0274868,-0.420023,3.86333
-0.0271296,-0.422592,3.86145
-0.0266731,-0.421101,3.86192
-0.0258429,-0.421541,3.86253
-0.0255856,-0.420923,3.86312
-0.025293,-0.42136,3.86288
-0.0265311,-0.421109,3.86205
-0.0285412,-0.417852,3.86438
-0.0275191,-0.419706,3.86664
-0.0271844,-0.419591,3.86527
-0.0267203,-0.42035,3.86321
-0.0268156,-0.421445,3.86173
-0.0262137,-0.421873,3.86062
-0.0252466,-0.421711,3.86382
-0.0251619,-0.420701,3.86582
-0.025105,-0.420041,3.86566
-0.0257697,-0.420766,3.86477
-0.0260329,-0.420214,3.86354
-0.0263468,-0.420168,3.86242
-0.0263605,-0.421474,3.86142
-0.0262598,-0.41964,3.86204
-0.0260018,-0.420381,3.86056
-0.0262737,-0.41852,3.863
-0.0261618,-0.416415,3.86529
-0.026123,-0.416192,3.86512
-0.0257163,-0.416685,3.86643
-0.0254877,-0.416575,3.86771
-0.0254165,-0.416937,3.8673
-0.0248725,-0.416348,3.86948
-0.0253069,-0.41677,3.86901
-0.0251484,-0.417351,3.86818
-0.0254738,-0.417465,3.86815
-0.0250989,-0.415151,3.87129
-0.0260381,-0.415648,3.86737
-0.0253806,-0.419284,3.86245
-0.0263483,-0.417257,3.866
-0.0257728,-0.416631,3.86589
-0.025674,-0.417496,3.86643
-0.0263477,-0.416318,3.86818
-0.0259193,-0.416127,3.86874
-0.0257186,-0.41691,3.86714
-0.0255451,-0.420521,3.86285
-0.0265306,-0.414165,3.87046
-0.0260574,-0.4135,3.87379
-0.0263284,-0.415578,3.87356
-0.025898,-0.414685,3.87122
-0.0258066,-0.415297,3.86934
-0.025451,-0.417028,3.86825
-0.0255456,-0.417516,3.86684
-0.0257392,-0.416658,3.86685
-0.0268633,-0.416233,3.86669
-0.0258942,-0.417204,3.86687
-0.0255595,-0.417612,3.86667
-0.0251896,-0.4173,3.86713
-0.0255863,-0.417293,3.86872
-0.0248568,-0.418083,3.86893
-0.0257073,-0.416004,3.86985
-0.024689,-0.416907,3.86978
-0.0257696,-0.416865,3.86904
-0.0263256,-0.416222,3.87074
-0.0264602,-0.416481,3.868
-0.0259844,-0.416722,3.8663
-0.0255869,-0.419866,3.86412
-0.0258846,-0.418172,3.86445
-0.0258156,-0.417462,3.86613
-0.0262792,-0.416288,3.867
-0.0257363,-0.417227,3.86552
-0.0255941,-0.418569,3.8645
-0.0263499,-0.418972,3.86326
-0.0265791,-0.416539,3.86626
-0.0266969,-0.417441,3.86642
-0.0259223,-0.41763,3.86826
-0.0262312,-0.416664,3.86877
-0.0252585,-0.418844,3.86341
-0.0250446,-0.418451,3.86166
-0.0251046,-0.41739,3.86244
-0.0257134,-0.414827,3.86819
-0.0257737,-0.418794,3.86479
-0.0255915,-0.41806,3.86691
-0.0255966,-0.417473,3.86651
-0.0258889,-0.416781,3.86916
-0.0266031,-0.416022,3.87113
-0.0257905,-0.416708,3.86809
-0.0261121,-0.416172,3.86828
-0.0263559,-0.416328,3.86861
-0.0267411,-0.417868,3.86815
-0.0273257,-0.414752,3.86956
-0.0257639,-0.415663,3.86936
-0.0264206,-0.416582,3.8678
-0.0257241,-0.417131,3.868
-0.0256182,-0.417204,3.86568
-0.025595,-0.418774,3.8634
-0.0255972,-0.418182,3.86404
-0.0249347,-0.420029,3.86319
-0.025066,-0.421253,3.86108
-0.0253412,-0.418964,3.86339
-0.0254892,-0.416521,3.86756
-0.025885,-0.420276,3.86311
-0.0257945,-0.419187,3.86577
-0.0258055,-0.420988,3.86565
-0.0263124,-0.419411,3.86441
-0.0258359,-0.418855,3.86526
-0.0254469,-0.418857,3.86521
-0.0254339,-0.419265,3.86752
-0.0249701,-0.419662,3.86826
-0.0246944,-0.419977,3.86553
-0.0258042,-0.419443,3.86664
-0.0260092,-0.418305,3.86542
-0.0253241,-0.419777,3.86517
-0.0250697,-0.420718,3.86428
-0.025507,-0.419794,3.86383
-0.0252652,-0.418977,3.86546
-0.0253668,-0.419301,3.86548
-0.0257312,-0.418642,3.86884
-0.0255076,-0.418837,3.86948
-0.0261321,-0.418531,3.86746
-0.0258634,-0.417687,3.86967
-0.0263723,-0.418981,3.86497
-0.0253945,-0.4199,3.86288
-0.0253935,-0.419027,3.86272
-0.0256929,-0.41736,3.8642
-0.0258018,-0.417856,3.86536
-0.0265611,-0.416484,3.8648
-0.0276206,-0.416593,3.86689
-0.0278818,-0.41673,3.86626
-0.0273541,-0.418132,3.86325
-0.026716,-0.417822,3.86106
-0.0277104,-0.418232,3.86272
-0.0280521,-0.417727,3.8677
-0.0281471,-0.416984,3.86896
-0.027201,-0.41844,3.86719
-0.0264604,-0.417732,3.86638
-0.0260493,-0.417432,3.86546
-0.0266621,-0.416746,3.86583
-0.0273581,-0.417933,3.86632
-0.0267117,-0.417887,3.86442
