0.409027,0.0637221,2.39144
0.409027,0.0637221,2.39144
0.310524,0.144443,2.4611
0.310524,0.144443,2.4611
0.308928,0.146633,2.46254
0.308928,0.146633,2.46254
0.307883,0.14761,2.46197
0.307883,0.14761,2.46197
0.306676,0.148143,2.45948
0.306676,0.148143,2.45948
0.304247,0.147728,2.45375
0.304247,0.147728,2.45375
0.301695,0.148393,2.46174
0.301695,0.148393,2.46174
0.299628,0.148794,2.46097
0.299628,0.148794,2.46097
0.297521,0.148193,2.45666
0.297521,0.148193,2.45666
0.293994,0.149217,2.45962
0.293994,0.149217,2.45962
0.292043,0.152773,2.46159
0.292043,0.152773,2.46159
0.290602,0.154942,2.4631
0.290602,0.154942,2.4631
0.290124,0.154131,2.46366
0.290124,0.154131,2.46366
0.290974,0.151776,2.45448
0.290974,0.151776,2.45448
0.293716,0.148135,2.44014
0.293716,0.148135,2.44014
0.299311,0.140516,2.41767
0.299311,0.140516,2.41767
0.305772,0.129622,2.38662
0.305772,0.129622,2.38662
0.315312,0.10982,2.35234
0.315312,0.10982,2.35234
0.322277,0.0818156,2.31588
0.322277,0.0818156,2.31588
0.325023,0.0508342,2.28836
0.325023,0.0508342,2.28836
0.324363,0.0168079,2.27544
0.324363,0.0168079,2.27544
0.321197,-0.0160107,2.27437
0.321197,-0.0160107,2.27437
0.314718,-0.0478459,2.27822
0.314718,-0.0478459,2.27822
0.307647,-0.0748385,2.29749
0.307647,-0.0748385,2.29749
0.300421,-0.0959982,2.31756
0.300421,-0.0959982,2.31756
0.290645,-0.114314,2.33588
0.290645,-0.114314,2.33588
0.281157,-0.12989,2.3525
0.281157,-0.12989,2.3525
0.271244,-0.143632,2.37136
0.271244,-0.143632,2.37136
0.263028,-0.151494,2.389
0.263028,-0.151494,2.389
0.253729,-0.158382,2.41259
0.253729,-0.158382,2.41259
0.246912,-0.16445,2.43246
0.246912,-0.16445,2.43246
0.238589,-0.168863,2.4539
0.238589,-0.168863,2.4539
0.232129,-0.171811,2.46897
0.232129,-0.171811,2.46897
0.226265,-0.173895,2.48361
0.226265,-0.173895,2.48361
0.221429,-0.173846,2.49381
0.221429,-0.173846,2.49381
0.218187,-0.172587,2.50461
0.218187,-0.172587,2.50461
0.215046,-0.17232,2.51737
0.215046,-0.17232,2.51737
0.210562,-0.170887,2.52551
0.210562,-0.170887,2.52551
0.208319,-0.168878,2.53069
0.208319,-0.168878,2.53069
0.207063,-0.168881,2.53158
0.207063,-0.168881,2.53158
0.20649,-0.167303,2.53182
0.20649,-0.167303,2.53182
0.206018,-0.165372,2.53122
0.206018,-0.165372,2.53122
0.206088,-0.165455,2.53202
0.206088,-0.165455,2.53202
0.205115,-0.168865,2.52186
0.205115,-0.168865,2.52186
0.205707,-0.168697,2.51745
0.205707,-0.168697,2.51745
0.207263,-0.168738,2.51347
0.207263,-0.168738,2.51347
0.208175,-0.168156,2.50737
0.208175,-0.168156,2.50737
0.209456,-0.168141,2.49789
0.209456,-0.168141,2.49789
0.213905,-0.168721,2.49728
0.213905,-0.168721,2.49728
0.218399,-0.168769,2.49361
0.218399,-0.168769,2.49361
0.221347,-0.170684,2.48388
0.221347,-0.170684,2.48388
0.224026,-0.169793,2.48348
0.224026,-0.169793,2.48348
0.227024,-0.172976,2.47631
0.227024,-0.172976,2.47631
0.229917,-0.176617,2.46679
0.229917,-0.176617,2.46679
0.231323,-0.179177,2.46316
0.231323,-0.179177,2.46316
0.233314,-0.182236,2.46387
0.233314,-0.182236,2.46387
0.236212,-0.180318,2.46191
0.236212,-0.180318,2.46191
0.238832,-0.179629,2.4514
0.238832,-0.179629,2.4514
0.240705,-0.179978,2.45279
0.240705,-0.179978,2.45279
0.242116,-0.180619,2.45055
0.242116,-0.180619,2.45055
0.242348,-0.180727,2.45306
0.242348,-0.180727,2.45306
0.242289,-0.180523,2.45259
0.242289,-0.180523,2.45259
0.241699,-0.180009,2.4469
0.241699,-0.180009,2.4469
0.241394,-0.179751,2.44389
0.241394,-0.179751,2.44389
0.238432,-0.182188,2.45458
0.238432,-0.182188,2.45458
0.236014,-0.183546,2.45295
0.236014,-0.183546,2.45295
0.233129,-0.182562,2.4547
0.233129,-0.182562,2.4547
0.228959,-0.183665,2.46481
0.228959,-0.183665,2.46481
0.226083,-0.184883,2.46671
0.226083,-0.184883,2.46671
0.222243,-0.18335,2.4631
0.222243,-0.18335,2.4631
0.216704,-0.182788,2.47067
0.216704,-0.182788,2.47067
0.213262,-0.183177,2.47508
0.213262,-0.183177,2.47508
0.20982,-0.178941,2.48117
0.20982,-0.178941,2.48117
0.205666,-0.177653,2.48959
0.205666,-0.177653,2.48959
0.202467,-0.177049,2.50748
0.202467,-0.177049,2.50748
0.197647,-0.1777,2.52272
0.197647,-0.1777,2.52272
0.194008,-0.178895,2.54114
0.194008,-0.178895,2.54114
0.189736,-0.180297,2.56468
0.189736,-0.180297,2.56468
0.187073,-0.181829,2.58114
0.187073,-0.181829,2.58114
0.188902,-0.173012,2.5947
0.188902,-0.173012,2.5947
0.187428,-0.172392,2.60873
0.187428,-0.172392,2.60873
0.18687,-0.173044,2.6195
0.18687,-0.173044,2.6195
0.185923,-0.173026,2.635
0.185923,-0.173026,2.635
0.183335,-0.172943,2.66056
0.183335,-0.172943,2.66056
0.182842,-0.17364,2.68613
0.182842,-0.17364,2.68613
0.183557,-0.169286,2.69738
0.183557,-0.169286,2.69738
0.184994,-0.16642,2.70848
0.184994,-0.16642,2.70848
0.187644,-0.165182,2.71539
0.187644,-0.165182,2.71539
0.190207,-0.16076,2.71853
0.190207,-0.16076,2.71853
0.192051,-0.158171,2.72658
0.192051,-0.158171,2.72658
0.193327,-0.156911,2.73551
0.193327,-0.156911,2.73551
0.19461,-0.156458,2.74718
0.19461,-0.156458,2.74718
0.195371,-0.15617,2.7531
0.195371,-0.15617,2.7531
0.197162,-0.155819,2.76126
0.197162,-0.155819,2.76126
0.19728,-0.156048,2.76648
0.19728,-0.156048,2.76648
0.197403,-0.156256,2.77248
0.197403,-0.156256,2.77248
0.198016,-0.156259,2.77921
0.198016,-0.156259,2.77921
0.196097,-0.154835,2.77878
0.196097,-0.154835,2.77878
0.196791,-0.155335,2.77992
0.196791,-0.155335,2.77992
0.195668,-0.154187,2.77917
0.195668,-0.154187,2.77917
0.195393,-0.153809,2.78338
0.195393,-0.153809,2.78338
0.19527,-0.153689,2.78564
0.19527,-0.153689,2.78564
0.193901,-0.153469,2.78864
0.193901,-0.153469,2.78864
0.192726,-0.153056,2.79257
0.192726,-0.153056,2.79257
0.191856,-0.152732,2.79421
0.191856,-0.152732,2.79421
0.189922,-0.153156,2.79864
0.189922,-0.153156,2.79864
0.187492,-0.155021,2.79866
0.187492,-0.155021,2.79866
0.186259,-0.156417,2.80133
0.186259,-0.156417,2.80133
0.184568,-0.156027,2.80719
0.184568,-0.156027,2.80719
0.182088,-0.155088,2.81362
0.182088,-0.155088,2.81362
0.180453,-0.154407,2.81772
0.180453,-0.154407,2.81772
0.178519,-0.15578,2.82626
0.178519,-0.15578,2.82626
0.170334,-0.178807,2.80687
0.170334,-0.178807,2.80687
0.166708,-0.19498,2.81261
0.166708,-0.19498,2.81261
0.168268,-0.205429,2.82869
0.168268,-0.205429,2.82869
0.16816,-0.208952,2.85166
0.16816,-0.208952,2.85166
0.167434,-0.210593,2.86672
0.167434,-0.210593,2.86672
0.167425,-0.212216,2.8736
0.167425,-0.212216,2.8736
0.166699,-0.21373,2.87771
0.166699,-0.21373,2.87771
0.165845,-0.2138,2.87881
0.165845,-0.2138,2.87881
0.165626,-0.211212,2.88011
0.165626,-0.211212,2.88011
0.165749,-0.20639,2.87906
0.165749,-0.20639,2.87906
0.165306,-0.202835,2.8765
0.165306,-0.202835,2.8765
0.164483,-0.201827,2.88182
0.164483,-0.201827,2.88182
0.160734,-0.204248,2.8954
0.160734,-0.204248,2.8954
0.156699,-0.211194,2.90242
0.156699,-0.211194,2.90242
0.152849,-0.219576,2.90093
0.152849,-0.219576,2.90093
0.149632,-0.222791,2.8974
0.149632,-0.222791,2.8974
0.14694,-0.225313,2.89831
0.14694,-0.225313,2.89831
0.144083,-0.228048,2.89996
0.144083,-0.228048,2.89996
0.139702,-0.231306,2.90292
0.139702,-0.231306,2.90292
0.132803,-0.234164,2.918
0.132803,-0.234164,2.918
0.129554,-0.234979,2.93904
0.129554,-0.234979,2.93904
0.127337,-0.234528,2.95762
0.127337,-0.234528,2.95762
0.125378,-0.234221,2.96947
0.125378,-0.234221,2.96947
0.122083,-0.236795,2.97026
0.122083,-0.236795,2.97026
0.117146,-0.238551,2.97842
0.117146,-0.238551,2.97842
0.11414,-0.239192,2.9864
0.11414,-0.239192,2.9864
0.111443,-0.240199,2.99488
0.111443,-0.240199,2.99488
0.107307,-0.239961,3.00079
0.107307,-0.239961,3.00079
0.102649,-0.243409,3.01034
0.102649,-0.243409,3.01034
0.100475,-0.244746,3.0191
0.100475,-0.244746,3.0191
0.0983202,-0.24742,3.02874
0.0983202,-0.24742,3.02874
0.0929986,-0.249949,3.03953
0.0929986,-0.249949,3.03953
0.0873944,-0.252405,3.05442
0.0873944,-0.252405,3.05442
0.0798833,-0.25226,3.04859
0.0798833,-0.25226,3.04859
0.0761617,-0.251646,3.05648
0.0761617,-0.251646,3.05648
0.0726235,-0.248864,3.0623
0.0726235,-0.248864,3.0623
0.0717754,-0.249299,3.06775
0.0717754,-0.249299,3.06775
0.071126,-0.248584,3.07548
0.071126,-0.248584,3.07548
0.0657502,-0.244435,3.08602
0.0657502,-0.244435,3.08602
0.060334,-0.244748,3.09462
0.060334,-0.244748,3.09462
0.0559829,-0.246008,3.09722
0.0559829,-0.246008,3.09722
0.0521959,-0.245476,3.10128
0.0521959,-0.245476,3.10128
0.0506591,-0.246265,3.10252
0.0506591,-0.246265,3.10252
0.0521547,-0.247061,3.10183
0.0521547,-0.247061,3.10183
0.0529146,-0.249301,3.10098
0.0529146,-0.249301,3.10098
0.0537203,-0.246756,3.09919
0.0537203,-0.246756,3.09919
0.0509221,-0.245079,3.10317
0.0509221,-0.245079,3.10317
0.0455184,-0.245906,3.10888
0.0455184,-0.245906,3.10888
0.0453116,-0.241547,3.09889
0.0453116,-0.241547,3.09889
0.0418808,-0.238269,3.10172
0.0418808,-0.238269,3.10172
0.0372793,-0.236866,3.10183
0.0372793,-0.236866,3.10183
0.0348761,-0.236015,3.10189
0.0348761,-0.236015,3.10189
0.0334832,-0.236541,3.1075
0.0334832,-0.236541,3.1075
0.0335815,-0.233523,3.12136
0.0335815,-0.233523,3.12136
0.032617,-0.235875,3.1439
0.032617,-0.235875,3.1439
0.0330276,-0.232451,3.16391
0.0330276,-0.232451,3.16391
0.0341338,-0.236436,3.16579
0.0341338,-0.236436,3.16579
0.0346701,-0.240433,3.16696
0.0346701,-0.240433,3.16696
0.0398874,-0.226927,3.18847
0.0398874,-0.226927,3.18847
0.0430398,-0.215513,3.21094
0.0430398,-0.215513,3.21094
0.0457764,-0.216483,3.2247
0.0457764,-0.216483,3.2247
0.050272,-0.221682,3.23048
0.050272,-0.221682,3.23048
0.0544944,-0.223554,3.24211
0.0544944,-0.223554,3.24211
0.0553965,-0.223177,3.27151
0.0553965,-0.223177,3.27151
0.0523974,-0.227186,3.3071
0.0523974,-0.227186,3.3071
0.0490461,-0.228358,3.33946
0.0490461,-0.228358,3.33946
0.0469345,-0.232312,3.36893
0.0469345,-0.232312,3.36893
0.0466673,-0.238451,3.39108
0.0466673,-0.238451,3.39108
0.0465024,-0.243341,3.413
0.0465024,-0.243341,3.413
0.0453681,-0.252196,3.42928
0.0453681,-0.252196,3.42928
0.0464725,-0.257165,3.44594
0.0464725,-0.257165,3.44594
0.047087,-0.260393,3.45754
0.047087,-0.260393,3.45754
0.0467612,-0.264039,3.46964
0.0467612,-0.264039,3.46964
0.0499161,-0.265706,3.47453
0.0499161,-0.265706,3.47453
0.0558018,-0.270855,3.48442
0.0558018,-0.270855,3.48442
0.0619123,-0.276582,3.50157
0.0619123,-0.276582,3.50157
0.0653355,-0.278912,3.51345
0.0653355,-0.278912,3.51345
0.0797435,-0.280969,3.50227
0.0797435,-0.280969,3.50227
0.0865704,-0.282774,3.52922
0.0865704,-0.282774,3.52922
0.091242,-0.284563,3.53202
0.091242,-0.284563,3.53202
0.0932141,-0.288725,3.54544
0.0932141,-0.288725,3.54544
0.0939022,-0.290572,3.56345
0.0939022,-0.290572,3.56345
0.0941679,-0.296937,3.56199
0.0941679,-0.296937,3.56199
0.0883076,-0.265014,3.54961
0.0883076,-0.265014,3.54961
0.102477,-0.313048,3.6299
0.102477,-0.313048,3.6299
0.08656,-0.331772,3.64678
0.08656,-0.331772,3.64678
0.0713552,-0.34341,3.64538
0.0713552,-0.34341,3.64538
0.0573993,-0.351753,3.63585
0.0573993,-0.351753,3.63585
0.0484021,-0.359837,3.62956
0.0484021,-0.359837,3.62956
0.0399104,-0.365057,3.62394
0.0399104,-0.365057,3.62394
0.0344574,-0.363768,3.61153
0.0344574,-0.363768,3.61153
0.0287754,-0.362264,3.60783
0.0287754,-0.362264,3.60783
0.0295046,-0.365955,3.61627
0.0295046,-0.365955,3.61627
0.0344933,-0.369998,3.62759
0.0344933,-0.369998,3.62759
0.0357748,-0.374844,3.63043
0.0357748,-0.374844,3.63043
0.0360591,-0.377049,3.63179
0.0360591,-0.377049,3.63179
0.0373032,-0.378276,3.63776
0.0373032,-0.378276,3.63776
0.0385773,-0.38281,3.64086
0.0385773,-0.38281,3.64086
0.0366932,-0.38193,3.65094
0.0366932,-0.38193,3.65094
0.0396794,-0.384961,3.66676
0.0396794,-0.384961,3.66676
0.0423478,-0.382081,3.67853
0.0423478,-0.382081,3.67853
0.046406,-0.377288,3.69109
0.046406,-0.377288,3.69109
0.0465967,-0.375278,3.70117
0.0465967,-0.375278,3.70117
0.0464172,-0.378254,3.70989
0.0464172,-0.378254,3.70989
0.0482498,-0.375593,3.72019
0.0482498,-0.375593,3.72019
0.0506275,-0.371388,3.73643
0.0506275,-0.371388,3.73643
0.0521083,-0.370902,3.74047
0.0521083,-0.370902,3.74047
0.049038,-0.369059,3.7378
0.049038,-0.369059,3.7378
0.0502858,-0.367642,3.74238
0.0502858,-0.367642,3.74238
0.0541793,-0.368663,3.74556
0.0541793,-0.368663,3.74556
0.0555564,-0.371678,3.74315
0.0555564,-0.371678,3.74315
0.0583429,-0.370323,3.74596
0.0583429,-0.370323,3.74596
0.0623823,-0.371167,3.74225
0.0623823,-0.371167,3.74225
0.0648999,-0.372357,3.74007
0.0648999,-0.372357,3.74007
0.0678766,-0.371952,3.7289
0.0678766,-0.371952,3.7289
0.0683433,-0.375604,3.72702
0.0683433,-0.375604,3.72702
0.067681,-0.377348,3.71641
0.067681,-0.377348,3.71641
0.0697707,-0.377866,3.71069
0.0697707,-0.377866,3.71069
0.0668695,-0.381627,3.70536
0.0668695,-0.381627,3.70536
0.0667895,-0.383679,3.70098
0.0667895,-0.383679,3.70098
0.0663694,-0.38481,3.69748
0.0663694,-0.38481,3.69748
0.0632452,-0.387373,3.69
0.0632452,-0.387373,3.69
0.0618878,-0.387135,3.68304
0.0618878,-0.387135,3.68304
0.0605247,-0.383797,3.67927
0.0605247,-0.383797,3.67927
0.0585954,-0.38404,3.67516
0.0585954,-0.38404,3.67516
0.0594855,-0.380618,3.67912
0.0594855,-0.380618,3.67912
0.0602355,-0.378558,3.68057
0.0602355,-0.378558,3.68057
0.0605496,-0.380567,3.67765
0.0605496,-0.380567,3.67765
0.0610525,-0.381924,3.67959
0.0610525,-0.381924,3.67959
0.0616675,-0.384024,3.67234
0.0616675,-0.384024,3.67234
0.0602685,-0.383101,3.67432
0.0602685,-0.383101,3.67432
0.0577413,-0.379851,3.67728
0.0577413,-0.379851,3.67728
0.05659,-0.380756,3.6763
0.05659,-0.380756,3.6763
0.055302,-0.380123,3.674
0.055302,-0.380123,3.674
0.0540439,-0.379965,3.67495
0.0540439,-0.379965,3.67495
0.0533578,-0.381123,3.67209
0.0533578,-0.381123,3.67209
0.0515501,-0.380925,3.67131
0.0515501,-0.380925,3.67131
0.051205,-0.383081,3.67185
0.051205,-0.383081,3.67185
0.0481457,-0.374218,3.67281
0.0481457,-0.374218,3.67281
0.0547344,-0.375412,3.67016
0.0547344,-0.375412,3.67016
0.0553243,-0.372906,3.67266
0.0553243,-0.372906,3.67266
0.0534569,-0.376524,3.67143
0.0534569,-0.376524,3.67143
0.0539278,-0.37858,3.67482
0.0539278,-0.37858,3.67482
0.0534851,-0.378594,3.67754
0.0534851,-0.378594,3.67754
0.0536894,-0.372611,3.68108
0.0536894,-0.372611,3.68108
0.0563668,-0.3753,3.67496
0.0563668,-0.3753,3.67496
0.0588023,-0.370117,3.68381
0.0588023,-0.370117,3.68381
0.0577373,-0.368911,3.6759
0.0577373,-0.368911,3.6759
0.0578301,-0.369794,3.67524
0.0578301,-0.369794,3.67524
0.0580287,-0.369288,3.67578
0.0580287,-0.369288,3.67578
0.0581981,-0.370746,3.6788
0.0581981,-0.370746,3.6788
0.0589827,-0.369956,3.67923
0.0589827,-0.369956,3.67923
0.0606849,-0.366581,3.67936
0.0606849,-0.366581,3.67936
0.0590504,-0.3683,3.67576
0.0590504,-0.3683,3.67576
0.0552167,-0.374058,3.67584
0.0552167,-0.374058,3.67584
0.0545933,-0.377222,3.67753
0.0545933,-0.377222,3.67753
0.0534049,-0.378991,3.67574
0.0534049,-0.378991,3.67574
0.0526846,-0.379342,3.6765
0.0526846,-0.379342,3.6765
0.0524313,-0.378063,3.67747
0.0524313,-0.378063,3.67747
0.0536865,-0.381145,3.66986
0.0536865,-0.381145,3.66986
0.0562574,-0.376797,3.67552
0.0562574,-0.376797,3.67552
0.0572809,-0.375403,3.68007
0.0572809,-0.375403,3.68007
0.0584889,-0.371834,3.67713
0.0584889,-0.371834,3.67713
0.0602607,-0.37075,3.6768
0.0602607,-0.37075,3.6768
0.0602872,-0.374009,3.67746
0.0602872,-0.374009,3.67746
0.0589491,-0.375867,3.67763
0.0589491,-0.375867,3.67763
0.0582966,-0.377063,3.67959
0.0582966,-0.377063,3.67959
0.0587199,-0.37629,3.67784
0.0587199,-0.37629,3.67784
0.058145,-0.37565,3.677
0.058145,-0.37565,3.677
0.0575493,-0.374761,3.67789
0.0575493,-0.374761,3.67789
0.0572889,-0.370637,3.67888
0.0572889,-0.370637,3.67888
0.0605926,-0.373462,3.6762
0.0605926,-0.373462,3.6762
0.0598022,-0.374721,3.67458
0.0598022,-0.374721,3.67458
0.0632081,-0.37075,3.675
0.0632081,-0.37075,3.675
0.0634394,-0.369369,3.66903
0.0634394,-0.369369,3.66903
0.0624926,-0.368568,3.66889
0.0624926,-0.368568,3.66889
0.0653198,-0.367054,3.67628
0.0653198,-0.367054,3.67628
0.0636759,-0.370364,3.67715
0.0636759,-0.370364,3.67715
0.0616549,-0.373197,3.6767
0.0616549,-0.373197,3.6767
0.0586094,-0.37807,3.67702
0.0586094,-0.37807,3.67702
0.0577826,-0.381976,3.67328
0.0577826,-0.381976,3.67328
0.0575748,-0.381053,3.67323
0.0575748,-0.381053,3.67323
0.0581191,-0.381369,3.6748
0.0581191,-0.381369,3.6748
0.0558553,-0.376172,3.67661
0.0558553,-0.376172,3.67661
0.0608653,-0.373223,3.68004
0.0608653,-0.373223,3.68004
0.0621493,-0.369416,3.682
0.0621493,-0.369416,3.682
0.0603768,-0.376314,3.6729
0.0603768,-0.376314,3.6729
0.0593502,-0.374187,3.67495
0.0593502,-0.374187,3.67495
0.0586259,-0.372495,3.67715
0.0586259,-0.372495,3.67715
0.0606642,-0.37765,3.67
0.0606642,-0.37765,3.67
0.059817,-0.37966,3.67584
0.059817,-0.37966,3.67584
0.0580593,-0.376773,3.67773
0.0580593,-0.376773,3.67773
0.0586545,-0.376137,3.67776
0.0586545,-0.376137,3.67776
0.0571753,-0.376837,3.67637
0.0571753,-0.376837,3.67637
0.0587602,-0.379451,3.67259
0.0587602,-0.379451,3.67259
0.059406,-0.38123,3.67535
0.059406,-0.38123,3.67535
0.05812,-0.380213,3.67665
0.05812,-0.380213,3.67665
0.0546436,-0.376399,3.6772
0.0546436,-0.376399,3.6772
0.053613,-0.373435,3.67833
0.053613,-0.373435,3.67833
0.0568822,-0.377136,3.673
0.0568822,-0.377136,3.673
0.0578897,-0.380148,3.66695
0.0578897,-0.380148,3.66695
0.0569839,-0.381013,3.67406
0.0569839,-0.381013,3.67406
0.0554595,-0.379989,3.67411
0.0554595,-0.379989,3.67411
0.0578698,-0.381171,3.67616
0.0578698,-0.381171,3.67616
0.053679,-0.376891,3.67536
0.053679,-0.376891,3.67536
0.055423,-0.377641,3.67445
0.055423,-0.377641,3.67445
0.0572507,-0.376249,3.6694
0.0572507,-0.376249,3.6694
0.0581258,-0.376252,3.67103
0.0581258,-0.376252,3.67103
0.0568287,-0.37899,3.66634
0.0568287,-0.37899,3.66634
0.0569659,-0.38092,3.66436
0.0569659,-0.38092,3.66436
0.0574806,-0.383027,3.6613
0.0574806,-0.383027,3.6613
0.057397,-0.38155,3.66886
0.057397,-0.38155,3.66886
0.0566768,-0.381692,3.67186
0.0566768,-0.381692,3.67186
0.0571519,-0.381779,3.67236
0.0571519,-0.381779,3.67236
0.0572246,-0.381463,3.67372
0.0572246,-0.381463,3.67372
0.0584872,-0.378027,3.6749
0.0584872,-0.378027,3.6749
0.0597208,-0.379991,3.67129
0.0597208,-0.379991,3.67129
0.0590068,-0.378338,3.67194
0.0590068,-0.378338,3.67194
0.0682449,-0.378431,3.65757
0.0682449,-0.378431,3.65757
0.0641884,-0.373666,3.66378
0.0641884,-0.373666,3.66378
0.0622755,-0.374032,3.66084
0.0622755,-0.374032,3.66084
0.0585912,-0.377814,3.66228
0.0585912,-0.377814,3.66228
0.0584692,-0.378908,3.66843
0.0584692,-0.378908,3.66843
0.0576967,-0.38237,3.67021
0.0576967,-0.38237,3.67021
0.0585894,-0.382296,3.66795
0.0585894,-0.382296,3.66795
0.0588921,-0.381126,3.67437
0.0588921,-0.381126,3.67437
0.0559959,-0.382072,3.67437
0.0559959,-0.382072,3.67437
0.0568397,-0.384785,3.6664
0.0568397,-0.384785,3.6664
0.0584777,-0.38609,3.66576
0.0584777,-0.38609,3.66576
0.0578211,-0.383844,3.66559
0.0578211,-0.383844,3.66559
0.0567409,-0.382307,3.66934
0.0567409,-0.382307,3.66934
0.0543319,-0.379399,3.67227
0.0543319,-0.379399,3.67227
0.0548214,-0.383503,3.66696
0.0548214,-0.383503,3.66696
0.0536603,-0.382885,3.6695
0.0536603,-0.382885,3.6695
0.0549876,-0.382828,3.66617
0.0549876,-0.382828,3.66617
0.0563838,-0.385113,3.66329
0.0563838,-0.385113,3.66329
0.0571924,-0.383464,3.66417
0.0571924,-0.383464,3.66417
0.0574002,-0.383894,3.66373
0.0574002,-0.383894,3.66373
0.0575435,-0.38292,3.66407
0.0575435,-0.38292,3.66407
0.058576,-0.382578,3.66615
0.058576,-0.382578,3.66615
0.0591796,-0.383575,3.66314
0.0591796,-0.383575,3.66314
0.0599682,-0.383488,3.66461
0.0593006,-0.383406,3.66156
0.0563956,-0.378855,3.67145
0.0534656,-0.375829,3.67591
0.052081,-0.374244,3.67611
0.0540207,-0.378627,3.66858
0.0557299,-0.380175,3.66427
0.0555469,-0.380735,3.66329
0.0549486,-0.380081,3.66338
0.056222,-0.380962,3.66421
0.0508694,-0.372433,3.67227
0.052664,-0.374062,3.67744
0.0513854,-0.376387,3.67729
0.0538501,-0.381932,3.67186
0.0558027,-0.385487,3.66559
0.0574116,-0.381472,3.66706
0.056162,-0.381943,3.66517
0.0500246,-0.376929,3.66799
0.0507529,-0.379387,3.67111
0.0487455,-0.371405,3.66704
0.0484269,-0.369222,3.67545
0.0471395,-0.372267,3.6741
0.049561,-0.374216,3.67549
0.0514057,-0.375334,3.6775
0.0514053,-0.374564,3.6804
0.051026,-0.371873,3.68004
0.0522686,-0.371852,3.67738
0.0549009,-0.378894,3.67067
0.0566179,-0.381792,3.66236
0.0543005,-0.376992,3.6736
0.0597956,-0.372775,3.67049
0.0583301,-0.372052,3.67145
0.059297,-0.371544,3.67095
0.0590011,-0.376697,3.66781
0.0580617,-0.37675,3.66765
0.0559744,-0.379639,3.67239
0.0600253,-0.381655,3.66341
0.057369,-0.37864,3.67191
0.0578648,-0.381393,3.66877
0.0566729,-0.378438,3.67335
0.0569406,-0.381147,3.66778
0.057397,-0.383186,3.66446
0.0559953,-0.382401,3.66334
0.055667,-0.381007,3.66347
0.0563617,-0.383049,3.66368
0.0549521,-0.379513,3.67094
0.0562787,-0.380628,3.66888
0.0543192,-0.378331,3.67602
0.0550769,-0.379863,3.67784
0.0562457,-0.380039,3.67217
0.0556759,-0.378509,3.67739
0.0546861,-0.377075,3.67957
0.0565197,-0.380049,3.67118
0.056451,-0.381324,3.66862
0.0556546,-0.380779,3.67587
0.0576157,-0.381418,3.6698
0.0566763,-0.38156,3.66596
0.0570507,-0.383332,3.665
0.0542888,-0.379216,3.67261
0.054553,-0.379434,3.67401
0.0545213,-0.378823,3.67676
0.0566779,-0.380538,3.67206
0.0556728,-0.379329,3.67525
0.0524466,-0.375664,3.67813
0.0515893,-0.371375,3.6744
0.0569566,-0.373233,3.66414
0.0600382,-0.373676,3.66041
0.0590653,-0.378845,3.65918
0.0592366,-0.380803,3.66368
0.0601413,-0.379724,3.66708
0.0613264,-0.378899,3.66344
0.0615376,-0.380506,3.66071
0.0627996,-0.381062,3.65935
0.0629743,-0.379287,3.66646
0.0620594,-0.378627,3.66401
0.0619928,-0.376786,3.66537
0.0626738,-0.377659,3.6669
0.0625891,-0.378272,3.66394
0.0622004,-0.377021,3.66209
0.0605535,-0.378518,3.66246
0.0599515,-0.380246,3.66068
0.0582954,-0.381532,3.65949
0.0581656,-0.382366,3.65574
0.0581476,-0.38281,3.65356
0.0557825,-0.384233,3.65258
0.0558599,-0.383518,3.65273
0.0553381,-0.384028,3.65184
0.0559778,-0.385159,3.65177
0.0560517,-0.384361,3.65283
0.0554768,-0.383814,3.65495
0.0554794,-0.384809,3.65439
0.0544777,-0.385683,3.65246
0.0556361,-0.386147,3.65472
0.0563856,-0.386343,3.65506
0.0558988,-0.387444,3.65265
0.0562004,-0.386905,3.65251
0.054745,-0.388526,3.65143
0.0540668,-0.385331,3.65336
0.0551359,-0.384469,3.65474
0.0561947,-0.384851,3.65586
0.0551913,-0.384705,3.6544
0.0543948,-0.383484,3.65451
0.0545774,-0.382409,3.65478
0.0548051,-0.383274,3.65336
0.0554955,-0.385741,3.65249
0.056371,-0.387007,3.64494
0.0572529,-0.386459,3.6508
0.0566378,-0.383858,3.65447
0.0565993,-0.38612,3.6542
0.0562169,-0.387274,3.64685
0.0549964,-0.387957,3.64866
0.0542738,-0.385501,3.6509
0.0548668,-0.386556,3.65268
0.0550293,-0.384361,3.65423
0.0545228,-0.384983,3.65302
0.0558665,-0.38572,3.65245
0.0550021,-0.38656,3.64968
0.0549565,-0.384621,3.65133
0.0548335,-0.38486,3.6527
0.0540373,-0.38411,3.65453
0.0557954,-0.384803,3.65598
0.0559248,-0.384692,3.65615
0.05652,-0.385103,3.65608
0.0567002,-0.385944,3.65636
0.0570952,-0.387688,3.6535
0.0554316,-0.385244,3.65561
0.0559673,-0.388365,3.64616
0.0559271,-0.387825,3.64926
0.0545884,-0.384353,3.65223
0.0544535,-0.384434,3.65353
0.055663,-0.385411,3.65428
0.0566338,-0.386725,3.65496
0.0562875,-0.386958,3.65366
0.0556699,-0.385662,3.65291
0.0565718,-0.386546,3.65257
0.0565112,-0.386677,3.65147
0.0556419,-0.38573,3.65032
0.0548646,-0.385296,3.65358
0.055266,-0.385526,3.6548
0.055363,-0.384878,3.65647
0.0552696,-0.385578,3.65743
0.0548349,-0.384964,3.65606
0.0556001,-0.385783,3.65514
0.0546246,-0.38537,3.65337
0.0535606,-0.385785,3.65142
0.0545923,-0.386417,3.65388
0.0557847,-0.386611,3.65494
0.056375,-0.387457,3.65394
0.0565802,-0.385965,3.65546
0.0563879,-0.386474,3.6544
0.0551413,-0.385845,3.65336
0.0548425,-0.387259,3.64457
0.0550397,-0.386003,3.65109
0.054281,-0.385433,3.65348
0.0553679,-0.385677,3.65617
0.0557404,-0.386439,3.65511
0.056564,-0.386486,3.65522
0.0569309,-0.386085,3.6562
0.056657,-0.385615,3.65609
0.056988,-0.386049,3.65484
0.0568314,-0.3862,3.65515
0.0566211,-0.385741,3.65697
0.0562463,-0.384983,3.6569
0.0561345,-0.38494,3.65725
0.0551904,-0.386638,3.65527
0.054891,-0.387494,3.65527
0.0557662,-0.387601,3.65719
0.0553914,-0.387723,3.65445
0.0550902,-0.387389,3.65593
0.0545461,-0.386744,3.65486
0.0546393,-0.388093,3.65362
0.0552925,-0.38667,3.65328
0.0545753,-0.386835,3.65143
0.0545532,-0.386593,3.65352
0.0547766,-0.38581,3.65367
0.0550101,-0.384717,3.65777
0.0542695,-0.385438,3.65733
0.0538901,-0.385011,3.65545
0.0536142,-0.385801,3.65445
0.0550177,-0.38571,3.65756
0.0561452,-0.38587,3.6584
0.0556384,-0.386432,3.65652
0.0558712,-0.385784,3.65559
0.054627,-0.385162,3.6571
0.0547093,-0.385773,3.65689
0.0548069,-0.384714,3.65716
0.055061,-0.384196,3.65648
0.0549947,-0.385203,3.65552
0.0553347,-0.385824,3.65441
0.0559529,-0.386144,3.65621
0.0547298,-0.386792,3.6539
0.0554944,-0.386515,3.65493
0.0559187,-0.38624,3.65596
0.0561301,-0.385415,3.65616
0.0558395,-0.385877,3.65478
0.0539417,-0.385368,3.65117
0.0548506,-0.385892,3.65347
0.0558845,-0.385927,3.6562
0.0553514,-0.386443,3.65558
0.0552404,-0.386221,3.65503
0.0548494,-0.385724,3.65456
0.0560217,-0.385243,3.65757
0.0553879,-0.386131,3.65773
0.055164,-0.38623,3.65618
0.0546739,-0.387364,3.656
0.0546849,-0.387349,3.65693
0.0547324,-0.387404,3.65763
0.0541689,-0.385959,3.65512
0.0539343,-0.387114,3.65599
0.0547389,-0.387307,3.65541
0.0550837,-0.386374,3.65477
0.0550141,-0.386563,3.65305
0.053791,-0.387449,3.6541
0.0547214,-0.388106,3.65502
0.052771,-0.38659,3.65528
0.0541923,-0.385601,3.6566
0.0543163,-0.385206,3.65689
0.0543364,-0.384264,3.65452
0.0535111,-0.386223,3.65392
0.0543237,-0.386118,3.65607
0.0548224,-0.385713,3.6565
0.0541886,-0.389065,3.65459
0.0547573,-0.387475,3.65457
0.0555594,-0.3868,3.65553
0.0543451,-0.387185,3.65529
0.0544029,-0.385872,3.65539
0.0545514,-0.385822,3.65577
0.0545036,-0.386886,3.65433
0.0540636,-0.387228,3.65652
0.05373,-0.388,3.65437
0.0547582,-0.387515,3.65384
0.0537444,-0.385579,3.65569
0.0542963,-0.385689,3.65563
0.0543433,-0.385481,3.65615
0.0542289,-0.385838,3.65504
0.0544325,-0.385462,3.65455
0.0546321,-0.386356,3.65508
0.0536321,-0.385865,3.65216
0.0549205,-0.387474,3.65406
0.0548113,-0.386499,3.65389
0.0553057,-0.387422,3.65399
0.0542817,-0.388313,3.64603
0.0539501,-0.387478,3.65083
0.0542839,-0.38624,3.65466
0.0551165,-0.386967,3.65586
0.0552359,-0.38716,3.65395
0.0555189,-0.386523,3.65632
0.055318,-0.386172,3.65475
0.0551196,-0.386422,3.65483
0.0553858,-0.387716,3.65475
0.0547229,-0.38547,3.65506
0.0548001,-0.385866,3.65696
0.0547974,-0.385032,3.65789
0.0550006,-0.386099,3.65766
0.0550491,-0.385796,3.6556
0.0555064,-0.385041,3.65769
0.0556252,-0.384953,3.65705
0.0547801,-0.386141,3.65458
0.0550055,-0.386618,3.65498
0.0550589,-0.386123,3.65515
0.0548853,-0.385683,3.65491
0.055395,-0.38555,3.65742
0.0560371,-0.386633,3.65628
0.0554735,-0.387003,3.65358
0.054882,-0.386948,3.65219
0.054305,-0.386371,3.65081
0.0542588,-0.386313,3.65083
0.0543622,-0.386207,3.65263
0.0528785,-0.386956,3.65369
0.053731,-0.387129,3.65423
0.0538883,-0.386817,3.65392
0.0540285,-0.386547,3.6545
0.0541338,-0.387676,3.65456
0.0537367,-0.385107,3.65587
0.0542051,-0.385082,3.65605
0.0534453,-0.384556,3.65522
0.0533376,-0.385693,3.65534
0.0550588,-0.385566,3.65856
0.0544231,-0.385786,3.65817
0.0555321,-0.386359,3.65574
0.0559505,-0.386663,3.65415
0.0550255,-0.385536,3.65533
0.0543479,-0.385708,3.65483
0.0548143,-0.38519,3.65504
0.0554565,-0.384739,3.65815
0.0545974,-0.385481,3.65632
0.0551191,-0.386054,3.65592
0.0555534,-0.385924,3.6546
0.0555245,-0.384446,3.65502
0.0554543,-0.384221,3.65747
0.0547785,-0.384886,3.65638
0.0550027,-0.385465,3.65631
0.054221,-0.386629,3.65533
0.0536748,-0.385865,3.65463
0.054148,-0.386965,3.65608
0.0551673,-0.386724,3.65624
0.0545817,-0.387396,3.65461
0.0542787,-0.386269,3.65279
0.0542737,-0.386339,3.65284
0.0539072,-0.387458,3.65136
0.055011,-0.386589,3.65418
0.0548056,-0.386397,3.65526
0.0551618,-0.386752,3.65665
0.0550465,-0.386155,3.65685
0.0543285,-0.387331,3.65527
0.0552001,-0.387237,3.65438
0.0549328,-0.386455,3.65519
0.0554195,-0.385975,3.6556
0.0545421,-0.387109,3.65486
0.0558731,-0.386311,3.65773
0.0559105,-0.385958,3.65816
0.0561777,-0.385347,3.65685
0.055164,-0.385318,3.65511
0.0561975,-0.385103,3.65512
0.0553755,-0.385816,3.6479
0.0550802,-0.386851,3.65124
0.0553898,-0.385839,3.65338
0.0568803,-0.386606,3.65622
0.0564949,-0.385137,3.65754
0.0562222,-0.385139,3.65735
0.0553442,-0.385502,3.65458
0.0550285,-0.38618,3.65417
0.0556244,-0.385378,3.65337
0.0556841,-0.385253,3.6551
0.0561143,-0.385617,3.65514
0.0570851,-0.386281,3.6563
0.0565099,-0.385323,3.65659
0.056781,-0.385072,3.65642
0.0560687,-0.384153,3.658
0.0558126,-0.385051,3.6568
0.0562328,-0.385635,3.65592
0.0560198,-0.385448,3.65823
0.0557631,-0.385474,3.6581
0.0559216,-0.385505,3.65832
0.0560976,-0.384772,3.65863
0.0559592,-0.386084,3.65873
0.0565286,-0.385947,3.65716
0.0559477,-0.384916,3.65692
0.0558655,-0.38423,3.65733
0.0554446,-0.384103,3.65742
0.053627,-0.386094,3.65508
0.0545682,-0.38612,3.65523
0.0548367,-0.384139,3.65686
0.0553722,-0.384618,3.6578
0.0536967,-0.386063,3.65594
0.0538371,-0.386719,3.65542
0.0545858,-0.388189,3.65488
0.0556394,-0.387705,3.6551
0.0550011,-0.386724,3.65553
0.0535326,-0.385413,3.65544
0.0541674,-0.385389,3.6547
0.0543754,-0.385341,3.6556
0.0540873,-0.384994,3.65592
0.0541642,-0.385445,3.6557
0.0549601,-0.385313,3.65808
0.0553251,-0.387552,3.65668
0.0550768,-0.385996,3.65744
0.0550572,-0.387169,3.65663
0.054427,-0.386234,3.65536
0.0538586,-0.386771,3.65356
0.0532116,-0.385319,3.65427
0.0531751,-0.386105,3.6528
0.0544613,-0.386601,3.65414
0.0554214,-0.387621,3.65428
0.0552034,-0.38745,3.65424
0.0552751,-0.385898,3.6568
0.0557322,-0.385084,3.6582
0.0553293,-0.385719,3.65691
0.0558919,-0.385578,3.6576
0.0558775,-0.386398,3.65721
0.0560999,-0.38582,3.65705
0.0555036,-0.38635,3.65491
0.0551754,-0.386766,3.65647
0.0550717,-0.386476,3.657
0.0543097,-0.385256,3.65771
0.0550582,-0.38545,3.65658
0.0546628,-0.384936,3.6554
0.0532293,-0.385481,3.65436
0.054017,-0.387039,3.6552
0.054711,-0.385323,3.65674
0.0549508,-0.385711,3.65555
0.0547402,-0.385287,3.65442
0.0545193,-0.385397,3.65305
0.0541194,-0.385374,3.65449
0.0517314,-0.38041,3.65807
0.0526441,-0.384778,3.65647
0.0534947,-0.385261,3.6559
0.0549802,-0.385928,3.65717
0.0549372,-0.385939,3.65734
0.055721,-0.386963,3.65599
0.0549797,-0.387532,3.65286
0.0541664,-0.387213,3.65127
0.053962,-0.385984,3.65105
0.054492,-0.386535,3.65398
0.0550004,-0.38595,3.65519
0.0553895,-0.386337,3.65571
0.0554423,-0.386901,3.65591
0.0556289,-0.385433,3.65631
0.0560577,-0.385731,3.65597
0.0560082,-0.387438,3.65456
0.0555464,-0.38531,3.65507
0.0553721,-0.385015,3.65433
0.0555338,-0.385224,3.65521
0.0551598,-0.385215,3.65453
0.0558239,-0.385695,3.6558
0.0551069,-0.385118,3.65414
0.0550188,-0.385215,3.65508
0.0552052,-0.385442,3.65476
0.0543546,-0.38527,3.65349
0.0544227,-0.38386,3.65465
0.0550256,-0.383782,3.65607
0.0565794,-0.385841,3.65594
0.0548878,-0.384334,3.65654
0.0553353,-0.384788,3.65469
0.0554568,-0.385368,3.65565
0.0544472,-0.38542,3.6549
0.0546351,-0.385617,3.65428
0.0552068,-0.38598,3.65429
0.0560241,-0.38656,3.65577
0.053787,-0.381852,3.65741
0.0531449,-0.383396,3.65487
0.0522911,-0.384532,3.65401
0.0538139,-0.383866,3.6546
0.0546733,-0.384392,3.65511
0.0549567,-0.384677,3.65552
0.0552517,-0.385167,3.6553
0.0549928,-0.385135,3.6541
0.0548758,-0.386447,3.65503
0.0552993,-0.386395,3.65469
0.0553649,-0.386298,3.65426
0.0556618,-0.385946,3.65455
0.0546136,-0.386276,3.65377
0.0553463,-0.386787,3.65431
0.0547053,-0.384987,3.65555
0.0552261,-0.385762,3.65413
0.0551035,-0.385137,3.65697
0.0547045,-0.386798,3.65649
0.0551786,-0.386407,3.65635
0.0558055,-0.385587,3.65636
0.0562595,-0.386727,3.65684
0.0561694,-0.38598,3.65663
0.0557222,-0.385752,3.65609
0.0551667,-0.38537,3.65573
0.0559746,-0.385537,3.65599
0.0562073,-0.385382,3.65713
0.0564925,-0.386625,3.65816
0.0549074,-0.384833,3.65605
0.0544492,-0.384674,3.65646
0.0543368,-0.384491,3.65605
0.0545826,-0.385771,3.65552
0.0560604,-0.38609,3.65397
0.0566365,-0.385593,3.65349
0.0567436,-0.384602,3.65471
0.0550341,-0.383285,3.6555
0.055637,-0.386126,3.65553
0.0548417,-0.3859,3.65401
0.0546303,-0.385175,3.65315
0.0540741,-0.385755,3.6535
0.0531214,-0.38622,3.65338
0.0550704,-0.38644,3.65426
0.0545305,-0.384043,3.65598
0.0544466,-0.384755,3.65612
0.0543608,-0.387485,3.65519
0.0533701,-0.38474,3.65494
0.0541751,-0.38481,3.65343
0.0543225,-0.385189,3.65492
0.0553609,-0.385615,3.65631
0.0561456,-0.385605,3.65619
0.0563348,-0.385471,3.65658
0.0561262,-0.384621,3.65689
0.0561316,-0.386144,3.6544
0.0565594,-0.386612,3.65506
0.0553189,-0.384909,3.65356
0.0549198,-0.384489,3.65442
0.0550147,-0.38522,3.65535
0.0545481,-0.385513,3.65447
0.0547329,-0.387921,3.65418
0.0553071,-0.386749,3.65578
0.0553331,-0.385769,3.65576
0.055885,-0.385524,3.65653
0.0550177,-0.385454,3.65673
0.0550929,-0.385703,3.65647
0.0561217,-0.386039,3.65602
0.055499,-0.38741,3.65624
0.0557187,-0.386203,3.65643
0.0557543,-0.386693,3.65538
0.0556531,-0.386481,3.65487
0.0557094,-0.384952,3.65677
0.0552858,-0.384763,3.65549
0.0552729,-0.385337,3.65546
0.0542047,-0.385149,3.65606
0.0541618,-0.386162,3.65489
0.0550761,-0.386401,3.65687
0.0542128,-0.384864,3.65648
0.0556619,-0.385403,3.65882
0.0561917,-0.385702,3.65612
0.0560654,-0.385728,3.65438
0.056068,-0.384644,3.65607
0.055733,-0.385523,3.65604
0.0556941,-0.384404,3.65744
0.0545514,-0.386592,3.65678
0.0539823,-0.387417,3.65442
0.0551202,-0.387138,3.65527
0.0565212,-0.386368,3.65609
0.0553741,-0.385833,3.65844
0.053766,-0.387407,3.65685
0.0532018,-0.386429,3.65693
0.0532986,-0.386084,3.65469
0.0544032,-0.386123,3.65409
0.0554058,-0.386306,3.65442
0.0547416,-0.384749,3.65568
0.0536844,-0.385054,3.65614
0.0547251,-0.385886,3.65438
