-0.437422,0.0995661,2.95499
-0.437422,0.0995661,2.95499
-0.329845,0.174971,3.091
-0.329845,0.174971,3.091
-0.32723,0.17439,3.07323
-0.32723,0.17439,3.07323
-0.324784,0.1743,3.0656
-0.324784,0.1743,3.0656
-0.324391,0.173742,3.05977
-0.324391,0.173742,3.05977
-0.324445,0.173336,3.05809
-0.324445,0.173336,3.05809
-0.324006,0.172739,3.05131
-0.324006,0.172739,3.05131
-0.325073,0.1727,3.05752
-0.325073,0.1727,3.05752
-0.323445,0.172889,3.05324
-0.323445,0.172889,3.05324
-0.32267,0.173612,3.05612
-0.32267,0.173612,3.05612
-0.322122,0.173554,3.05272
-0.322122,0.173554,3.05272
-0.322048,0.173131,3.05183
-0.322048,0.173131,3.05183
-0.322716,0.173579,3.05873
-0.322716,0.173579,3.05873
-0.321965,0.173726,3.06535
-0.321965,0.173726,3.06535
-0.31974,0.172487,3.07666
-0.31974,0.172487,3.07666
-0.317795,0.171657,3.07485
-0.317795,0.171657,3.07485
-0.316052,0.170364,3.06812
-0.316052,0.170364,3.06812
-0.315311,0.169341,3.06134
-0.315311,0.169341,3.06134
-0.313669,0.170871,3.06846
-0.313669,0.170871,3.06846
-0.312156,0.171983,3.06322
-0.312156,0.171983,3.06322
-0.310049,0.172877,3.06094
-0.310049,0.172877,3.06094
-0.308881,0.173469,3.05993
-0.308881,0.173469,3.05993
-0.307574,0.173421,3.05276
-0.307574,0.173421,3.05276
-0.307467,0.173271,3.05328
-0.307467,0.173271,3.05328
-0.309008,0.168019,3.06165
-0.309008,0.168019,3.06165
-0.309649,0.167054,3.05087
-0.309649,0.167054,3.05087
-0.308294,0.169097,3.04738
-0.308294,0.169097,3.04738
-0.309488,0.170652,3.05147
-0.309488,0.170652,3.05147
-0.309568,0.171445,3.04849
-0.309568,0.171445,3.04849
-0.309654,0.171813,3.04808
-0.309654,0.171813,3.04808
-0.313603,0.171899,3.0463
-0.313603,0.171899,3.0463
-0.315994,0.17206,3.03446
-0.315994,0.17206,3.03446
-0.317183,0.171894,3.02574
-0.317183,0.171894,3.02574
-0.319628,0.17146,3.02377
-0.319628,0.17146,3.02377
-0.321863,0.171909,3.01597
-0.321863,0.171909,3.01597
-0.327123,0.172367,3.0154
-0.327123,0.172367,3.0154
-0.329837,0.17132,3.00259
-0.329837,0.17132,3.00259
-0.333528,0.17429,2.99746
-0.333528,0.17429,2.99746
-0.336708,0.172462,2.98477
-0.336708,0.172462,2.98477
-0.339462,0.169581,2.96476
-0.339462,0.169581,2.96476
-0.344725,0.167562,2.95335
-0.344725,0.167562,2.95335
-0.346831,0.164726,2.9378
-0.346831,0.164726,2.9378
-0.354279,0.158761,2.91698
-0.354279,0.158761,2.91698
-0.359187,0.14642,2.88277
-0.359187,0.14642,2.88277
-0.363506,0.127829,2.84843
-0.363506,0.127829,2.84843
-0.367449,0.103802,2.82695
-0.367449,0.103802,2.82695
-0.365677,0.0784712,2.79728
-0.365677,0.0784712,2.79728
-0.364567,0.0528399,2.77619
-0.364567,0.0528399,2.77619
-0.360105,0.0280898,2.75669
-0.360105,0.0280898,2.75669
-0.354161,0.00386746,2.75202
-0.354161,0.00386746,2.75202
-0.345523,-0.0231222,2.75859
-0.345523,-0.0231222,2.75859
-0.336661,-0.0484931,2.74928
-0.336661,-0.0484931,2.74928
-0.32959,-0.0679191,2.74822
-0.32959,-0.0679191,2.74822
-0.321829,-0.0888935,2.75571
-0.321829,-0.0888935,2.75571
-0.313268,-0.104302,2.77695
-0.313268,-0.104302,2.77695
-0.30684,-0.117372,2.79611
-0.30684,-0.117372,2.79611
-0.296589,-0.130188,2.81014
-0.296589,-0.130188,2.81014
-0.289441,-0.142282,2.82196
-0.289441,-0.142282,2.82196
-0.283437,-0.150112,2.83426
-0.283437,-0.150112,2.83426
-0.276086,-0.15372,2.83213
-0.276086,-0.15372,2.83213
-0.269283,-0.154735,2.82949
-0.269283,-0.154735,2.82949
-0.264172,-0.155501,2.83098
-0.264172,-0.155501,2.83098
-0.258909,-0.156228,2.8309
-0.258909,-0.156228,2.8309
-0.255964,-0.156758,2.83055
-0.255964,-0.156758,2.83055
-0.256887,-0.15179,2.83782
-0.256887,-0.15179,2.83782
-0.256759,-0.148222,2.83786
-0.256759,-0.148222,2.83786
-0.255274,-0.146321,2.83368
-0.255274,-0.146321,2.83368
-0.254552,-0.146607,2.83391
-0.254552,-0.146607,2.83391
-0.254481,-0.147182,2.83313
-0.254481,-0.147182,2.83313
-0.25577,-0.146914,2.83849
-0.25577,-0.146914,2.83849
-0.255876,-0.148065,2.83458
-0.255876,-0.148065,2.83458
-0.254494,-0.150651,2.82734
-0.254494,-0.150651,2.82734
-0.258959,-0.124478,2.85524
-0.258959,-0.124478,2.85524
-0.261023,-0.132029,2.84895
-0.261023,-0.132029,2.84895
-0.259146,-0.135755,2.83671
-0.259146,-0.135755,2.83671
-0.259981,-0.136031,2.82832
-0.259981,-0.136031,2.82832
-0.26021,-0.131828,2.82258
-0.26021,-0.131828,2.82258
-0.262188,-0.131127,2.82407
-0.262188,-0.131127,2.82407
-0.263532,-0.132433,2.81738
-0.263532,-0.132433,2.81738
-0.2627,-0.139816,2.80349
-0.2627,-0.139816,2.80349
-0.262226,-0.145504,2.79032
-0.262226,-0.145504,2.79032
-0.261111,-0.148327,2.77307
-0.261111,-0.148327,2.77307
-0.260536,-0.150136,2.76422
-0.260536,-0.150136,2.76422
-0.261471,-0.152397,2.75786
-0.261471,-0.152397,2.75786
-0.262788,-0.153992,2.76334
-0.262788,-0.153992,2.76334
-0.263801,-0.154321,2.76182
-0.263801,-0.154321,2.76182
-0.263804,-0.154348,2.7557
-0.263804,-0.154348,2.7557
-0.263662,-0.15429,2.75029
-0.263662,-0.15429,2.75029
-0.263585,-0.15377,2.7454
-0.263585,-0.15377,2.7454
-0.262467,-0.153573,2.74198
-0.262467,-0.153573,2.74198
-0.262361,-0.153423,2.73748
-0.262361,-0.153423,2.73748
-0.261548,-0.15249,2.7256
-0.261548,-0.15249,2.7256
-0.260123,-0.152265,2.7196
-0.260123,-0.152265,2.7196
-0.257333,-0.153749,2.72327
-0.257333,-0.153749,2.72327
-0.252898,-0.153181,2.72349
-0.252898,-0.153181,2.72349
-0.249728,-0.152172,2.71397
-0.249728,-0.152172,2.71397
-0.248005,-0.152402,2.71777
-0.248005,-0.152402,2.71777
-0.244264,-0.153426,2.72395
-0.244264,-0.153426,2.72395
-0.24136,-0.153646,2.726
-0.24136,-0.153646,2.726
-0.235398,-0.15191,2.72118
-0.235398,-0.15191,2.72118
-0.231862,-0.150245,2.72492
-0.231862,-0.150245,2.72492
-0.227635,-0.151179,2.73453
-0.227635,-0.151179,2.73453
-0.225216,-0.152847,2.74819
-0.225216,-0.152847,2.74819
-0.221819,-0.152557,2.74766
-0.221819,-0.152557,2.74766
-0.217402,-0.153288,2.76976
-0.217402,-0.153288,2.76976
-0.214689,-0.154984,2.78353
-0.214689,-0.154984,2.78353
-0.222634,-0.149305,2.77833
-0.222634,-0.149305,2.77833
-0.225139,-0.122632,2.79965
-0.225139,-0.122632,2.79965
-0.224365,-0.148074,2.79954
-0.224365,-0.148074,2.79954
-0.218572,-0.152461,2.8231
-0.218572,-0.152461,2.8231
-0.218625,-0.142263,2.84285
-0.218625,-0.142263,2.84285
-0.219404,-0.13607,2.84681
-0.219404,-0.13607,2.84681
-0.216715,-0.139448,2.84624
-0.216715,-0.139448,2.84624
-0.218279,-0.139178,2.85499
-0.218279,-0.139178,2.85499
-0.233417,-0.133497,2.85566
-0.233417,-0.133497,2.85566
-0.240968,-0.102456,2.89114
-0.240968,-0.102456,2.89114
-0.247902,-0.104707,2.89322
-0.247902,-0.104707,2.89322
-0.250422,-0.0847936,2.92411
-0.250422,-0.0847936,2.92411
-0.249789,-0.074027,2.93851
-0.249789,-0.074027,2.93851
-0.249487,-0.0745568,2.94229
-0.249487,-0.0745568,2.94229
-0.246302,-0.0828769,2.94627
-0.246302,-0.0828769,2.94627
-0.242948,-0.0950915,2.94997
-0.242948,-0.0950915,2.94997
-0.242076,-0.10163,2.941
-0.242076,-0.10163,2.941
-0.242474,-0.109025,2.93737
-0.242474,-0.109025,2.93737
-0.239545,-0.115567,2.93258
-0.239545,-0.115567,2.93258
-0.232258,-0.13018,2.92588
-0.232258,-0.13018,2.92588
-0.227511,-0.140522,2.92578
-0.227511,-0.140522,2.92578
-0.225649,-0.145799,2.92387
-0.225649,-0.145799,2.92387
-0.223437,-0.148642,2.91894
-0.223437,-0.148642,2.91894
-0.221943,-0.150096,2.91388
-0.221943,-0.150096,2.91388
-0.221062,-0.150653,2.90814
-0.221062,-0.150653,2.90814
-0.221271,-0.150427,2.90263
-0.221271,-0.150427,2.90263
-0.220403,-0.150077,2.89887
-0.220403,-0.150077,2.89887
-0.219451,-0.149805,2.89316
-0.219451,-0.149805,2.89316
-0.219437,-0.150177,2.89746
-0.219437,-0.150177,2.89746
-0.219885,-0.150596,2.90548
-0.219885,-0.150596,2.90548
-0.220391,-0.150944,2.91172
-0.220391,-0.150944,2.91172
-0.220588,-0.150882,2.91436
-0.220588,-0.150882,2.91436
-0.220983,-0.151223,2.91991
-0.220983,-0.151223,2.91991
-0.222059,-0.151942,2.93441
-0.222059,-0.151942,2.93441
-0.22283,-0.152438,2.94533
-0.22283,-0.152438,2.94533
-0.22323,-0.153028,2.95116
-0.22323,-0.153028,2.95116
-0.224699,-0.154532,2.97459
-0.224699,-0.154532,2.97459
-0.226423,-0.155254,2.99508
-0.226423,-0.155254,2.99508
-0.223978,-0.153962,3.01051
-0.223978,-0.153962,3.01051
-0.22379,-0.153534,3.03222
-0.22379,-0.153534,3.03222
-0.220563,-0.149658,3.04379
-0.220563,-0.149658,3.04379
-0.219332,-0.147814,3.05857
-0.219332,-0.147814,3.05857
-0.21975,-0.147439,3.08409
-0.21975,-0.147439,3.08409
-0.219041,-0.146302,3.10681
-0.219041,-0.146302,3.10681
-0.217747,-0.144942,3.1247
-0.217747,-0.144942,3.1247
-0.214696,-0.144361,3.13006
-0.214696,-0.144361,3.13006
-0.212607,-0.140233,3.1482
-0.212607,-0.140233,3.1482
-0.211441,-0.137334,3.16228
-0.211441,-0.137334,3.16228
-0.211253,-0.136041,3.1716
-0.211253,-0.136041,3.1716
-0.209163,-0.123211,3.19739
-0.209163,-0.123211,3.19739
-0.204639,-0.124134,3.20599
-0.204639,-0.124134,3.20599
-0.200506,-0.127792,3.20962
-0.200506,-0.127792,3.20962
-0.19864,-0.130177,3.21614
-0.19864,-0.130177,3.21614
-0.195885,-0.129609,3.21795
-0.195885,-0.129609,3.21795
-0.194844,-0.129905,3.22848
-0.194844,-0.129905,3.22848
-0.193093,-0.126104,3.22641
-0.193093,-0.126104,3.22641
-0.188786,-0.122765,3.21725
-0.188786,-0.122765,3.21725
-0.186139,-0.12047,3.22191
-0.186139,-0.12047,3.22191
-0.185141,-0.119677,3.23143
-0.185141,-0.119677,3.23143
-0.182682,-0.118613,3.23634
-0.182682,-0.118613,3.23634
-0.182474,-0.116969,3.23561
-0.182474,-0.116969,3.23561
-0.18173,-0.118002,3.24614
-0.18173,-0.118002,3.24614
-0.180332,-0.119456,3.25092
-0.180332,-0.119456,3.25092
-0.181339,-0.119772,3.26407
-0.181339,-0.119772,3.26407
-0.177269,-0.118409,3.27686
-0.177269,-0.118409,3.27686
-0.176856,-0.119746,3.28166
-0.176856,-0.119746,3.28166
-0.179605,-0.119457,3.2741
-0.179605,-0.119457,3.2741
-0.179702,-0.120173,3.28478
-0.179702,-0.120173,3.28478
-0.175144,-0.120469,3.28499
-0.175144,-0.120469,3.28499
-0.174713,-0.119106,3.2773
-0.174713,-0.119106,3.2773
-0.17491,-0.11827,3.26907
-0.17491,-0.11827,3.26907
-0.175581,-0.116889,3.2641
-0.175581,-0.116889,3.2641
-0.176818,-0.115583,3.2682
-0.176818,-0.115583,3.2682
-0.179811,-0.115697,3.25881
-0.179811,-0.115697,3.25881
-0.178044,-0.104473,3.28168
-0.178044,-0.104473,3.28168
-0.176975,-0.101418,3.27715
-0.176975,-0.101418,3.27715
-0.177935,-0.106066,3.26193
-0.177935,-0.106066,3.26193
-0.176051,-0.098953,3.28079
-0.176051,-0.098953,3.28079
-0.177641,-0.100577,3.26169
-0.177641,-0.100577,3.26169
-0.175851,-0.10613,3.24896
-0.175851,-0.10613,3.24896
-0.173585,-0.111161,3.24768
-0.173585,-0.111161,3.24768
-0.170646,-0.114159,3.24575
-0.170646,-0.114159,3.24575
-0.169132,-0.115146,3.2457
-0.169132,-0.115146,3.2457
-0.168334,-0.115718,3.24483
-0.168334,-0.115718,3.24483
-0.16805,-0.115942,3.23937
-0.16805,-0.115942,3.23937
-0.168794,-0.116615,3.2381
-0.168794,-0.116615,3.2381
-0.169204,-0.116966,3.22867
-0.169204,-0.116966,3.22867
-0.170746,-0.114645,3.21409
-0.170746,-0.114645,3.21409
-0.174069,-0.114444,3.20282
-0.174069,-0.114444,3.20282
-0.176512,-0.115615,3.19608
-0.176512,-0.115615,3.19608
-0.178108,-0.116703,3.18835
-0.178108,-0.116703,3.18835
-0.17896,-0.117375,3.18413
-0.17896,-0.117375,3.18413
-0.179583,-0.117076,3.18208
-0.179583,-0.117076,3.18208
-0.179579,-0.116272,3.17536
-0.179579,-0.116272,3.17536
-0.179883,-0.116637,3.17732
-0.179883,-0.116637,3.17732
-0.181279,-0.12081,3.17946
-0.181279,-0.12081,3.17946
-0.182454,-0.124134,3.18647
-0.182454,-0.124134,3.18647
-0.181735,-0.126889,3.18471
-0.181735,-0.126889,3.18471
-0.180969,-0.129003,3.17742
-0.180969,-0.129003,3.17742
-0.183104,-0.128684,3.16061
-0.183104,-0.128684,3.16061
-0.184645,-0.128622,3.16113
-0.184645,-0.128622,3.16113
-0.184928,-0.128513,3.16124
-0.184928,-0.128513,3.16124
-0.184204,-0.129435,3.16372
-0.184204,-0.129435,3.16372
-0.18537,-0.128464,3.15365
-0.18537,-0.128464,3.15365
-0.1881,-0.129425,3.15427
-0.1881,-0.129425,3.15427
-0.190101,-0.129736,3.14861
-0.190101,-0.129736,3.14861
-0.190811,-0.130276,3.14495
-0.190811,-0.130276,3.14495
-0.191288,-0.130821,3.13275
-0.191288,-0.130821,3.13275
-0.191534,-0.131644,3.13137
-0.191534,-0.131644,3.13137
-0.191919,-0.132353,3.1368
-0.191919,-0.132353,3.1368
-0.192601,-0.132571,3.13917
-0.192601,-0.132571,3.13917
-0.195607,-0.134927,3.14117
-0.195607,-0.134927,3.14117
-0.197981,-0.136868,3.14023
-0.197981,-0.136868,3.14023
-0.200288,-0.138556,3.14006
-0.200288,-0.138556,3.14006
-0.202242,-0.139279,3.13238
-0.202242,-0.139279,3.13238
-0.203634,-0.139477,3.13395
-0.203634,-0.139477,3.13395
-0.204204,-0.140063,3.13169
-0.204204,-0.140063,3.13169
-0.207571,-0.140369,3.12667
-0.207571,-0.140369,3.12667
-0.211276,-0.140268,3.12868
-0.211276,-0.140268,3.12868
-0.212723,-0.140242,3.11709
-0.212723,-0.140242,3.11709
-0.214953,-0.14084,3.12642
-0.214953,-0.14084,3.12642
-0.216944,-0.142426,3.1176
-0.216944,-0.142426,3.1176
-0.218068,-0.143216,3.10185
-0.218068,-0.143216,3.10185
-0.219248,-0.144621,3.10564
-0.219248,-0.144621,3.10564
-0.220887,-0.145097,3.11004
-0.220887,-0.145097,3.11004
-0.221804,-0.14608,3.11835
-0.221804,-0.14608,3.11835
-0.223053,-0.145289,3.1114
-0.223053,-0.145289,3.1114
-0.223763,-0.145068,3.11201
-0.223763,-0.145068,3.11201
-0.224353,-0.144692,3.11288
-0.224353,-0.144692,3.11288
-0.22599,-0.148065,3.11712
-0.22599,-0.148065,3.11712
-0.228438,-0.145511,3.10281
-0.228438,-0.145511,3.10281
-0.228779,-0.149451,3.09107
-0.228779,-0.149451,3.09107
-0.229704,-0.152447,3.10004
-0.229704,-0.152447,3.10004
-0.231517,-0.14983,3.09604
-0.231517,-0.14983,3.09604
-0.233355,-0.148662,3.10455
-0.233355,-0.148662,3.10455
-0.23411,-0.147887,3.10507
-0.23411,-0.147887,3.10507
-0.233447,-0.151145,3.1071
-0.233447,-0.151145,3.1071
-0.235001,-0.155223,3.11241
-0.235001,-0.155223,3.11241
-0.237275,-0.15596,3.1139
-0.237275,-0.15596,3.1139
-0.240103,-0.156273,3.12475
-0.240103,-0.156273,3.12475
-0.24294,-0.156259,3.12912
-0.24294,-0.156259,3.12912
-0.244015,-0.155948,3.127
-0.244015,-0.155948,3.127
-0.24537,-0.156007,3.12102
-0.24537,-0.156007,3.12102
-0.246828,-0.156637,3.12728
-0.246828,-0.156637,3.12728
-0.248276,-0.157533,3.13281
-0.248276,-0.157533,3.13281
-0.248782,-0.157671,3.12972
-0.248782,-0.157671,3.12972
-0.250233,-0.149626,3.12724
-0.250233,-0.149626,3.12724
-0.250427,-0.147751,3.11802
-0.250427,-0.147751,3.11802
-0.247444,-0.151382,3.11845
-0.247444,-0.151382,3.11845
-0.246473,-0.154063,3.12002
-0.246473,-0.154063,3.12002
-0.24544,-0.15508,3.12166
-0.24544,-0.15508,3.12166
-0.244791,-0.155772,3.12462
-0.244791,-0.155772,3.12462
-0.242866,-0.157839,3.12979
-0.242866,-0.157839,3.12979
-0.241451,-0.159138,3.12769
-0.241451,-0.159138,3.12769
-0.239766,-0.159464,3.11824
-0.239766,-0.159464,3.11824
-0.239416,-0.160362,3.11944
-0.239416,-0.160362,3.11944
-0.239137,-0.160057,3.11474
-0.239137,-0.160057,3.11474
-0.238667,-0.160614,3.1156
-0.238667,-0.160614,3.1156
-0.238329,-0.161596,3.12496
-0.238329,-0.161596,3.12496
-0.238463,-0.161089,3.12161
-0.238463,-0.161089,3.12161
-0.243099,-0.160887,3.12047
-0.243099,-0.160887,3.12047
-0.245618,-0.160602,3.11945
-0.245618,-0.160602,3.11945
-0.246614,-0.1601,3.11355
-0.246614,-0.1601,3.11355
-0.246678,-0.159465,3.1044
-0.246678,-0.159465,3.1044
-0.248261,-0.159793,3.10185
-0.248261,-0.159793,3.10185
-0.249146,-0.160235,3.10297
-0.249146,-0.160235,3.10297
-0.249587,-0.160498,3.10459
-0.249587,-0.160498,3.10459
-0.247658,-0.159668,3.09756
-0.247658,-0.159668,3.09756
-0.246843,-0.159172,3.09712
-0.246843,-0.159172,3.09712
-0.246074,-0.159052,3.09434
-0.246074,-0.159052,3.09434
-0.246624,-0.159208,3.09991
-0.246624,-0.159208,3.09991
-0.246442,-0.15937,3.09812
-0.246442,-0.15937,3.09812
-0.244492,-0.158092,3.09715
-0.244492,-0.158092,3.09715
-0.245212,-0.158315,3.09453
-0.245212,-0.158315,3.09453
-0.245728,-0.158758,3.09368
-0.245728,-0.158758,3.09368
-0.24599,-0.158743,3.09406
-0.24599,-0.158743,3.09406
-0.246734,-0.159139,3.10014
-0.246734,-0.159139,3.10014
-0.246418,-0.159026,3.09718
-0.246418,-0.159026,3.09718
-0.246201,-0.158964,3.09563
-0.246201,-0.158964,3.09563
-0.244665,-0.159975,3.10084
-0.244665,-0.159975,3.10084
-0.244653,-0.163568,3.09578
-0.244653,-0.163568,3.09578
-0.24575,-0.167398,3.09929
-0.24575,-0.167398,3.09929
-0.243021,-0.16833,3.09078
-0.243021,-0.16833,3.09078
-0.245195,-0.165314,3.09924
-0.245195,-0.165314,3.09924
-0.245796,-0.167276,3.09616
-0.245796,-0.167276,3.09616
-0.246283,-0.169733,3.10031
-0.246283,-0.169733,3.10031
-0.245904,-0.171025,3.09546
-0.245904,-0.171025,3.09546
-0.247732,-0.167543,3.10127
-0.247732,-0.167543,3.10127
-0.24874,-0.164372,3.09888
-0.24874,-0.164372,3.09888
-0.24867,-0.162372,3.10721
-0.24867,-0.162372,3.10721
-0.247473,-0.160649,3.10022
-0.247473,-0.160649,3.10022
-0.247176,-0.164381,3.09912
-0.247176,-0.164381,3.09912
-0.247076,-0.162792,3.09818
-0.247076,-0.162792,3.09818
-0.246984,-0.161222,3.09671
-0.246984,-0.161222,3.09671
-0.245993,-0.162192,3.10485
-0.245993,-0.162192,3.10485
-0.246295,-0.160698,3.10195
-0.246295,-0.160698,3.10195
-0.246248,-0.159925,3.09819
-0.246248,-0.159925,3.09819
-0.2463,-0.159766,3.09972
-0.2463,-0.159766,3.09972
-0.24608,-0.1595,3.10053
-0.24608,-0.1595,3.10053
-0.245805,-0.163386,3.10327
-0.245805,-0.163386,3.10327
-0.246758,-0.162565,3.10692
-0.246758,-0.162565,3.10692
-0.247284,-0.161505,3.11174
-0.247284,-0.161505,3.11174
-0.2451,-0.164577,3.10697
-0.2451,-0.164577,3.10697
-0.245996,-0.162919,3.10574
-0.245996,-0.162919,3.10574
-0.245378,-0.165321,3.10005
-0.245378,-0.165321,3.10005
-0.244396,-0.167727,3.09145
-0.244396,-0.167727,3.09145
-0.239613,-0.16932,3.08223
-0.239613,-0.16932,3.08223
-0.237101,-0.166348,3.08998
-0.237101,-0.166348,3.08998
-0.241245,-0.167572,3.10146
-0.241245,-0.167572,3.10146
-0.240788,-0.164907,3.09715
-0.240788,-0.164907,3.09715
-0.243872,-0.162801,3.09836
-0.243872,-0.162801,3.09836
-0.245698,-0.161562,3.10428
-0.245698,-0.161562,3.10428
-0.244419,-0.161527,3.10465
-0.244419,-0.161527,3.10465
-0.242882,-0.161687,3.10213
-0.242882,-0.161687,3.10213
-0.244673,-0.160818,3.10284
-0.244673,-0.160818,3.10284
-0.246125,-0.160427,3.10524
-0.246125,-0.160427,3.10524
-0.247077,-0.160246,3.10961
-0.247077,-0.160246,3.10961
-0.247258,-0.1596,3.10604
-0.247258,-0.1596,3.10604
-0.248704,-0.160087,3.10519
-0.248704,-0.160087,3.10519
-0.247974,-0.159924,3.10759
-0.247974,-0.159924,3.10759
-0.24755,-0.15987,3.10616
-0.24755,-0.15987,3.10616
-0.247142,-0.159849,3.10603
-0.247142,-0.159849,3.10603
-0.248755,-0.160467,3.10999
-0.248755,-0.160467,3.10999
-0.247913,-0.159903,3.10287
-0.247913,-0.159903,3.10287
-0.247769,-0.159884,3.1051
-0.247769,-0.159884,3.1051
-0.245307,-0.160659,3.10542
-0.245307,-0.160659,3.10542
-0.24442,-0.161142,3.11086
-0.24442,-0.161142,3.11086
-0.243792,-0.16154,3.11002
-0.243792,-0.16154,3.11002
-0.245853,-0.160922,3.10983
-0.245853,-0.160922,3.10983
-0.246887,-0.160317,3.11097
-0.246887,-0.160317,3.11097
-0.246932,-0.159815,3.10749
-0.246932,-0.159815,3.10749
-0.246882,-0.159648,3.10294
-0.246882,-0.159648,3.10294
-0.24741,-0.160002,3.10982
-0.24741,-0.160002,3.10982
-0.247565,-0.160074,3.10928
-0.247565,-0.160074,3.10928
-0.247494,-0.159944,3.10512
-0.247494,-0.159944,3.10512
-0.247134,-0.159874,3.10169
-0.247134,-0.159874,3.10169
-0.245303,-0.160953,3.10793
-0.245303,-0.160953,3.10793
-0.244469,-0.161671,3.1112
-0.244469,-0.161671,3.1112
-0.244468,-0.162208,3.11672
-0.244468,-0.162208,3.11672
-0.246389,-0.161518,3.11824
-0.246389,-0.161518,3.11824
-0.245113,-0.161608,3.11534
-0.245113,-0.161608,3.11534
-0.244179,-0.16182,3.11592
-0.244179,-0.16182,3.11592
-0.244095,-0.161878,3.1141
-0.244095,-0.161878,3.1141
-0.243617,-0.161628,3.10789
-0.243617,-0.161628,3.10789
-0.243635,-0.161835,3.10999
-0.243635,-0.161835,3.10999
-0.244019,-0.161952,3.11099
-0.244019,-0.161952,3.11099
-0.244081,-0.162224,3.11478
-0.244081,-0.162224,3.11478
-0.243694,-0.162137,3.11572
-0.243694,-0.162137,3.11572
-0.245838,-0.161175,3.11283
-0.245838,-0.161175,3.11283
-0.246715,-0.160554,3.11027
-0.246715,-0.160554,3.11027
-0.245363,-0.161467,3.11441
-0.245363,-0.161467,3.11441
-0.244877,-0.16218,3.12047
-0.244877,-0.16218,3.12047
-0.244507,-0.162426,3.12014
-0.244507,-0.162426,3.12014
-0.243677,-0.162065,3.11247
-0.243677,-0.162065,3.11247
-0.24546,-0.161449,3.11125
-0.24546,-0.161449,3.11125
-0.244327,-0.161535,3.10864
-0.244327,-0.161535,3.10864
-0.244244,-0.161928,3.11339
-0.244244,-0.161928,3.11339
-0.245911,-0.161134,3.11089
-0.245911,-0.161134,3.11089
-0.245086,-0.161406,3.11499
-0.245086,-0.161406,3.11499
-0.244654,-0.161772,3.11662
-0.244654,-0.161772,3.11662
-0.243818,-0.161687,3.11302
-0.243818,-0.161687,3.11302
-0.245081,-0.160507,3.10351
-0.245081,-0.160507,3.10351
-0.244275,-0.16115,3.10738
-0.244275,-0.16115,3.10738
-0.243768,-0.161672,3.10997
-0.243768,-0.161672,3.10997
-0.243493,-0.161611,3.1091
-0.243493,-0.161611,3.1091
-0.245459,-0.160688,3.10639
-0.245459,-0.160688,3.10639
-0.246536,-0.160211,3.10686
-0.246536,-0.160211,3.10686
-0.245116,-0.160977,3.10758
-0.245116,-0.160977,3.10758
-0.244453,-0.161763,3.11192
-0.244453,-0.161763,3.11192
-0.243975,-0.161809,3.10849
-0.243975,-0.161809,3.10849
-0.243636,-0.161943,3.10894
-0.243636,-0.161943,3.10894
-0.243571,-0.16197,3.1095
-0.243571,-0.16197,3.1095
-0.245139,-0.160741,3.10191
-0.245139,-0.160741,3.10191
-0.245989,-0.160363,3.10015
-0.245989,-0.160363,3.10015
-0.244828,-0.161139,3.10621
-0.244828,-0.161139,3.10621
-0.246201,-0.160742,3.10825
-0.246201,-0.160742,3.10825
-0.245118,-0.161036,3.10486
-0.245118,-0.161036,3.10486
-0.246191,-0.160295,3.10385
-0.246191,-0.160295,3.10385
-0.246574,-0.159953,3.10371
-0.246574,-0.159953,3.10371
-0.247133,-0.160017,3.10983
-0.247133,-0.160017,3.10983
-0.247624,-0.159811,3.11158
-0.247624,-0.159811,3.11158
-0.245696,-0.160642,3.11183
-0.245696,-0.160642,3.11183
-0.244994,-0.161089,3.11294
-0.244994,-0.161089,3.11294
-0.246483,-0.160413,3.10929
-0.246483,-0.160413,3.10929
-0.244837,-0.160711,3.10531
-0.244837,-0.160711,3.10531
-0.244065,-0.161333,3.10866
-0.244065,-0.161333,3.10866
-0.241715,-0.164812,3.11016
-0.241715,-0.164812,3.11016
-0.24221,-0.164073,3.11071
-0.24221,-0.164073,3.11071
-0.242368,-0.163024,3.10766
-0.242368,-0.163024,3.10766
-0.242798,-0.16246,3.10976
-0.242798,-0.16246,3.10976
-0.243304,-0.162426,3.11118
-0.243304,-0.162426,3.11118
-0.24334,-0.16208,3.11022
-0.24334,-0.16208,3.11022
-0.245627,-0.161096,3.10836
-0.245627,-0.161096,3.10836
-0.247878,-0.160889,3.10634
-0.247878,-0.160889,3.10634
-0.247797,-0.160416,3.10691
-0.247797,-0.160416,3.10691
-0.247389,-0.160108,3.10304
-0.247389,-0.160108,3.10304
-0.24497,-0.160844,3.10613
-0.24497,-0.160844,3.10613
-0.243694,-0.161499,3.10705
-0.243694,-0.161499,3.10705
-0.24548,-0.161103,3.10874
-0.24548,-0.161103,3.10874
-0.246134,-0.160335,3.10352
-0.246134,-0.160335,3.10352
-0.248096,-0.160504,3.10381
-0.248096,-0.160504,3.10381
-0.247931,-0.160141,3.10384
-0.247931,-0.160141,3.10384
-0.247804,-0.159997,3.10575
-0.247804,-0.159997,3.10575
-0.247237,-0.159499,3.10226
-0.247237,-0.159499,3.10226
-0.247424,-0.15972,3.10499
-0.247424,-0.15972,3.10499
-0.244056,-0.16017,3.09638
-0.244056,-0.16017,3.09638
-0.244999,-0.159892,3.10174
-0.244999,-0.159892,3.10174
-0.246204,-0.159889,3.10591
-0.246204,-0.159889,3.10591
-0.246724,-0.159337,3.10375
-0.246724,-0.159337,3.10375
-0.247408,-0.159691,3.10672
-0.247408,-0.159691,3.10672
-0.244599,-0.160388,3.09954
-0.244599,-0.160388,3.09954
-0.243555,-0.161189,3.10186
-0.243555,-0.161189,3.10186
-0.245365,-0.160802,3.10577
-0.245365,-0.160802,3.10577
-0.246496,-0.160288,3.10663
-0.246496,-0.160288,3.10663
-0.244322,-0.161002,3.10398
-0.244322,-0.161002,3.10398
-0.2457,-0.160896,3.10958
-0.2457,-0.160896,3.10958
-0.246623,-0.160414,3.11135
-0.246623,-0.160414,3.11135
-0.247148,-0.159924,3.11138
-0.247148,-0.159924,3.11138
-0.247399,-0.160023,3.1112
-0.247399,-0.160023,3.1112
-0.247586,-0.15992,3.1095
-0.247586,-0.15992,3.1095
-0.248986,-0.160622,3.11197
-0.248986,-0.160622,3.11197
-0.247395,-0.164226,3.1086
-0.247395,-0.164226,3.1086
-0.246738,-0.167222,3.10971
-0.246738,-0.167222,3.10971
-0.245445,-0.168554,3.10077
-0.245445,-0.168554,3.10077
-0.246032,-0.17049,3.10355
-0.246032,-0.17049,3.10355
-0.243936,-0.167005,3.10306
-0.243936,-0.167005,3.10306
-0.244073,-0.167909,3.09952
-0.244073,-0.167909,3.09952
-0.244565,-0.169104,3.1017
-0.244565,-0.169104,3.1017
-0.246162,-0.165668,3.10779
-0.246162,-0.165668,3.10779
-0.247142,-0.163232,3.11158
-0.247142,-0.163232,3.11158
-0.247406,-0.161648,3.11113
-0.247406,-0.161648,3.11113
-0.247809,-0.161183,3.11372
-0.247809,-0.161183,3.11372
-0.24808,-0.160742,3.11355
-0.24808,-0.160742,3.11355
-0.247465,-0.160332,3.10647
-0.247465,-0.160332,3.10647
-0.247446,-0.160038,3.10634
-0.247446,-0.160038,3.10634
-0.247104,-0.159789,3.10512
-0.247104,-0.159789,3.10512
-0.247286,-0.159587,3.1082
-0.247286,-0.159587,3.1082
-0.245124,-0.160474,3.10707
-0.245124,-0.160474,3.10707
-0.246237,-0.160244,3.11089
-0.246237,-0.160244,3.11089
-0.247291,-0.160144,3.1147
-0.247291,-0.160144,3.1147
-0.247257,-0.159986,3.11131
-0.247257,-0.159986,3.11131
-0.242775,-0.163836,3.09981
-0.242775,-0.163836,3.09981
-0.238072,-0.167733,3.0789
-0.238072,-0.167733,3.0789
-0.23966,-0.164938,3.08858
-0.23966,-0.164938,3.08858
-0.243328,-0.162863,3.09906
-0.243328,-0.162863,3.09906
-0.245039,-0.161273,3.10535
-0.245039,-0.161273,3.10535
-0.246318,-0.160581,3.10791
-0.246318,-0.160581,3.10791
-0.24725,-0.160362,3.10909
-0.24725,-0.160362,3.10909
-0.247038,-0.159826,3.10223
-0.247038,-0.159826,3.10223
-0.246917,-0.159464,3.1013
-0.246917,-0.159464,3.1013
-0.246757,-0.159746,3.10108
-0.246757,-0.159746,3.10108
-0.248437,-0.160285,3.10269
-0.248437,-0.160285,3.10269
-0.244742,-0.160693,3.09637
-0.244742,-0.160693,3.09637
-0.245853,-0.16519,3.09934
-0.245853,-0.16519,3.09934
-0.24416,-0.167501,3.10174
-0.24416,-0.167501,3.10174
-0.24314,-0.165565,3.10703
-0.24314,-0.165565,3.10703
-0.243473,-0.164256,3.11619
-0.243473,-0.164256,3.11619
-0.243784,-0.163317,3.11735
-0.243784,-0.163317,3.11735
-0.24557,-0.161759,3.11253
-0.24557,-0.161759,3.11253
-0.246727,-0.160837,3.11293
-0.246727,-0.160837,3.11293
-0.245562,-0.164534,3.11584
-0.245562,-0.164534,3.11584
-0.243513,-0.163618,3.10642
-0.243513,-0.163618,3.10642
-0.243501,-0.163219,3.11518
-0.243501,-0.163219,3.11518
-0.245783,-0.162158,3.11482
-0.245783,-0.162158,3.11482
-0.246451,-0.165338,3.11621
-0.246451,-0.165338,3.11621
-0.245181,-0.164647,3.12193
-0.245181,-0.164647,3.12193
-0.244616,-0.163504,3.12021
-0.244616,-0.163504,3.12021
-0.244075,-0.162422,3.1133
-0.244075,-0.162422,3.1133
-0.242969,-0.161931,3.10487
-0.242969,-0.161931,3.10487
-0.242929,-0.162288,3.10537
-0.242929,-0.162288,3.10537
-0.243776,-0.162605,3.11588
-0.243776,-0.162605,3.11588
-0.24349,-0.162017,3.10911
-0.24349,-0.162017,3.10911
-0.245441,-0.161241,3.11232
-0.245441,-0.161241,3.11232
-0.244788,-0.161496,3.11139
-0.244788,-0.161496,3.11139
-0.244449,-0.161855,3.11452
-0.244449,-0.161855,3.11452
-0.244607,-0.162164,3.11808
-0.244607,-0.162164,3.11808
-0.2464,-0.161338,3.11453
-0.2464,-0.161338,3.11453
-0.24662,-0.160697,3.10806
-0.24662,-0.160697,3.10806
-0.246657,-0.160213,3.10282
-0.246657,-0.160213,3.10282
-0.245064,-0.161133,3.10961
-0.245064,-0.161133,3.10961
-0.244343,-0.16174,3.11288
-0.244343,-0.16174,3.11288
-0.244029,-0.16208,3.11301
-0.244029,-0.16208,3.11301
-0.242878,-0.16171,3.10406
-0.242878,-0.16171,3.10406
-0.243227,-0.161955,3.10828
-0.243227,-0.161955,3.10828
-0.243496,-0.161881,3.1067
-0.243496,-0.161881,3.1067
-0.243809,-0.162084,3.11232
-0.243809,-0.162084,3.11232
-0.245783,-0.161082,3.11002
-0.245783,-0.161082,3.11002
-0.246837,-0.160743,3.11076
-0.246837,-0.160743,3.11076
-0.247259,-0.160243,3.10916
-0.247259,-0.160243,3.10916
-0.246222,-0.16166,3.11023
-0.246222,-0.16166,3.11023
-0.244972,-0.162138,3.11322
-0.244972,-0.162138,3.11322
-0.244905,-0.162154,3.11333
-0.244905,-0.162154,3.11333
-0.244165,-0.162252,3.11408
-0.244165,-0.162252,3.11408
-0.24376,-0.162497,3.11705
-0.24376,-0.162497,3.11705
-0.243593,-0.162361,3.11498
-0.243593,-0.162361,3.11498
-0.243667,-0.162362,3.11561
-0.243667,-0.162362,3.11561
-0.243531,-0.162276,3.11421
-0.243531,-0.162276,3.11421
-0.243441,-0.161977,3.11169
-0.243441,-0.161977,3.11169
-0.243465,-0.162216,3.11322
-0.243465,-0.162216,3.11322
-0.243961,-0.16247,3.11694
-0.243961,-0.16247,3.11694
-0.244052,-0.16238,3.11768
-0.244052,-0.16238,3.11768
-0.244333,-0.162424,3.11792
-0.244333,-0.162424,3.11792
-0.244169,-0.16233,3.11534
-0.244169,-0.16233,3.11534
-0.243886,-0.162059,3.11127
-0.243886,-0.162059,3.11127
-0.244025,-0.162101,3.11322
-0.244025,-0.162101,3.11322
-0.243409,-0.162093,3.1093
-0.243409,-0.162093,3.1093
-0.245608,-0.161605,3.11092
-0.245608,-0.161605,3.11092
-0.246811,-0.160724,3.10941
-0.246811,-0.160724,3.10941
-0.245474,-0.161597,3.10477
-0.245474,-0.161597,3.10477
-0.244412,-0.161705,3.10678
-0.244412,-0.161705,3.10678
-0.244015,-0.161487,3.109
-0.244015,-0.161487,3.109
-0.243955,-0.161537,3.10972
-0.243955,-0.161537,3.10972
-0.24596,-0.160969,3.10974
-0.24596,-0.160969,3.10974
-0.244839,-0.161461,3.11113
-0.244839,-0.161461,3.11113
-0.244181,-0.161672,3.11285
-0.244181,-0.161672,3.11285
-0.243781,-0.161863,3.11351
-0.243781,-0.161863,3.11351
-0.243645,-0.162032,3.113
-0.243645,-0.162032,3.113
-0.243907,-0.162236,3.11581
-0.243907,-0.162236,3.11581
-0.245718,-0.161273,3.1119
-0.245718,-0.161273,3.1119
-0.246312,-0.160551,3.10543
-0.246312,-0.160551,3.10543
-0.246482,-0.160077,3.10165
-0.246482,-0.160077,3.10165
-0.246544,-0.159993,3.10398
-0.246544,-0.159993,3.10398
-0.246752,-0.159764,3.10417
-0.246752,-0.159764,3.10417
-0.244947,-0.160596,3.10445
-0.244947,-0.160596,3.10445
-0.244479,-0.161285,3.10946
-0.244479,-0.161285,3.10946
-0.244315,-0.161752,3.11382
-0.244315,-0.161752,3.11382
-0.243931,-0.161917,3.11227
-0.243931,-0.161917,3.11227
-0.244042,-0.162091,3.11495
-0.244042,-0.162091,3.11495
-0.24323,-0.161749,3.1086
-0.24323,-0.161749,3.1086
-0.243404,-0.161854,3.10905
-0.243404,-0.161854,3.10905
-0.243371,-0.162162,3.11104
-0.243371,-0.162162,3.11104
-0.243489,-0.162182,3.11396
-0.243489,-0.162182,3.11396
-0.24342,-0.162184,3.1133
-0.24342,-0.162184,3.1133
-0.243489,-0.162118,3.11161
-0.243489,-0.162118,3.11161
-0.242599,-0.161777,3.10388
-0.242599,-0.161777,3.10388
-0.241828,-0.161621,3.09995
-0.241828,-0.161621,3.09995
-0.244018,-0.160961,3.09939
-0.244018,-0.160961,3.09939
-0.243692,-0.161044,3.10258
-0.243692,-0.161044,3.10258
-0.245481,-0.160457,3.10481
-0.245481,-0.160457,3.10481
-0.244617,-0.160911,3.10684
-0.244617,-0.160911,3.10684
-0.244562,-0.161441,3.11202
-0.244562,-0.161441,3.11202
-0.246081,-0.160758,3.10992
-0.246081,-0.160758,3.10992
-0.246807,-0.160051,3.10467
-0.246807,-0.160051,3.10467
-0.244461,-0.160726,3.10029
-0.244461,-0.160726,3.10029
-0.243976,-0.161339,3.10735
-0.243976,-0.161339,3.10735
-0.241702,-0.164841,3.11127
-0.241702,-0.164841,3.11127
-0.240015,-0.167331,3.11191
-0.240015,-0.167331,3.11191
-0.241315,-0.165517,3.11276
-0.241315,-0.165517,3.11276
-0.242366,-0.163872,3.11389
-0.242366,-0.163872,3.11389
-0.24487,-0.161933,3.11063
-0.24487,-0.161933,3.11063
-0.244291,-0.161795,3.11137
-0.244291,-0.161795,3.11137
-0.243909,-0.161963,3.1111
-0.243909,-0.161963,3.1111
-0.243517,-0.162005,3.1088
-0.243517,-0.162005,3.1088
-0.242583,-0.162038,3.10447
-0.242583,-0.162038,3.10447
-0.2453,-0.161676,3.10878
-0.2453,-0.161676,3.10878
-0.246628,-0.160979,3.1115
-0.246628,-0.160979,3.1115
-0.245211,-0.164257,3.11196
-0.245211,-0.164257,3.11196
-0.244388,-0.163794,3.11332
-0.244388,-0.163794,3.11332
-0.242708,-0.162831,3.10319
-0.242708,-0.162831,3.10319
-0.244479,-0.161341,3.10312
-0.244479,-0.161341,3.10312
-0.246974,-0.161095,3.10077
-0.246974,-0.161095,3.10077
-0.247337,-0.160482,3.10465
-0.247337,-0.160482,3.10465
-0.24605,-0.161102,3.11086
-0.24605,-0.161102,3.11086
-0.245191,-0.161714,3.11476
-0.245191,-0.161714,3.11476
-0.243561,-0.161574,3.10655
-0.243561,-0.161574,3.10655
-0.243402,-0.161836,3.10926
-0.243402,-0.161836,3.10926
-0.243795,-0.161959,3.11338
-0.243795,-0.161959,3.11338
-0.242794,-0.161877,3.10891
-0.242794,-0.161877,3.10891
-0.243336,-0.162199,3.11337
-0.243336,-0.162199,3.11337
-0.243959,-0.162327,3.1168
-0.243959,-0.162327,3.1168
-0.245775,-0.161199,3.11215
-0.245775,-0.161199,3.11215
-0.244612,-0.161269,3.11
-0.244612,-0.161269,3.11
-0.245551,-0.1606,3.10397
-0.245551,-0.1606,3.10397
-0.245893,-0.163696,3.10629
-0.245893,-0.163696,3.10629
-0.243497,-0.165985,3.09919
-0.243497,-0.165985,3.09919
-0.244466,-0.168412,3.10241
-0.244466,-0.168412,3.10241
-0.246174,-0.165539,3.10654
-0.246174,-0.165539,3.10654
-0.246827,-0.162894,3.10696
-0.246827,-0.162894,3.10696
-0.24496,-0.165466,3.1097
-0.24496,-0.165466,3.1097
-0.244571,-0.164443,3.11648
-0.244571,-0.164443,3.11648
-0.244227,-0.163426,3.11489
-0.244227,-0.163426,3.11489
-0.244074,-0.16603,3.11692
-0.244074,-0.16603,3.11692
-0.24588,-0.164013,3.11397
-0.24588,-0.164013,3.11397
-0.244969,-0.166202,3.11348
-0.244969,-0.166202,3.11348
-0.246101,-0.168511,3.11767
-0.246101,-0.168511,3.11767
-0.245483,-0.169125,3.10446
-0.245483,-0.169125,3.10446
-0.245895,-0.165532,3.09743
-0.245895,-0.165532,3.09743
-0.244169,-0.167324,3.09746
-0.244169,-0.167324,3.09746
-0.244199,-0.168636,3.09406
-0.244199,-0.168636,3.09406
-0.245603,-0.170252,3.10618
-0.245603,-0.170252,3.10618
-0.24673,-0.166232,3.11009
-0.24673,-0.166232,3.11009
-0.246773,-0.167157,3.11237
-0.246773,-0.167157,3.11237
-0.247253,-0.164219,3.1101
-0.247253,-0.164219,3.1101
-0.247383,-0.167051,3.10787
-0.247383,-0.167051,3.10787
-0.24458,-0.168446,3.10147
-0.24458,-0.168446,3.10147
-0.244997,-0.169826,3.10344
-0.244997,-0.169826,3.10344
-0.244781,-0.170137,3.09765
-0.244781,-0.170137,3.09765
-0.244594,-0.170634,3.09491
-0.244594,-0.170634,3.09491
-0.245551,-0.171688,3.09951
-0.245551,-0.171688,3.09951
-0.245713,-0.171547,3.10221
-0.245713,-0.171547,3.10221
-0.245747,-0.171443,3.10423
-0.245747,-0.171443,3.10423
-0.241387,-0.172399,3.08842
-0.241387,-0.172399,3.08842
-0.242391,-0.172919,3.08818
-0.242391,-0.172919,3.08818
-0.243892,-0.172976,3.09859
-0.243892,-0.172976,3.09859
-0.244235,-0.171993,3.09514
-0.244235,-0.171993,3.09514
-0.244851,-0.171743,3.10023
-0.244851,-0.171743,3.10023
-0.244236,-0.171431,3.10705
-0.244236,-0.171431,3.10705
-0.241114,-0.172512,3.0956
-0.241114,-0.172512,3.0956
-0.241741,-0.172227,3.10203
-0.241741,-0.172227,3.10203
-0.243762,-0.171959,3.10436
-0.243762,-0.171959,3.10436
-0.240895,-0.172885,3.09411
-0.240895,-0.172885,3.09411
-0.239815,-0.174535,3.10513
-0.239815,-0.174535,3.10513
-0.242515,-0.173655,3.10528
-0.242515,-0.173655,3.10528
-0.242674,-0.172344,3.10746
-0.242674,-0.172344,3.10746
-0.242788,-0.171296,3.10815
-0.242788,-0.171296,3.10815
-0.243616,-0.170855,3.09814
-0.243616,-0.170855,3.09814
-0.245211,-0.172069,3.10243
-0.245211,-0.172069,3.10243
-0.245006,-0.171804,3.09801
-0.245006,-0.171804,3.09801
-0.245052,-0.172026,3.09941
-0.245052,-0.172026,3.09941
-0.241302,-0.17324,3.08795
-0.241302,-0.17324,3.08795
-0.240128,-0.171914,3.08165
-0.240128,-0.171914,3.08165
-0.241911,-0.172031,3.08567
-0.241911,-0.172031,3.08567
-0.243883,-0.172246,3.09586
-0.243883,-0.172246,3.09586
-0.243238,-0.171529,3.09702
-0.243238,-0.171529,3.09702
-0.244829,-0.172016,3.10044
-0.244829,-0.172016,3.10044
-0.246176,-0.172476,3.10344
-0.246176,-0.172476,3.10344
-0.245477,-0.171759,3.09763
-0.245477,-0.171759,3.09763
-0.243164,-0.170311,3.09493
-0.243164,-0.170311,3.09493
-0.24164,-0.172506,3.09885
-0.24164,-0.172506,3.09885
-0.241592,-0.174622,3.11021
-0.241592,-0.174622,3.11021
-0.242169,-0.173294,3.11115
-0.242169,-0.173294,3.11115
-0.242165,-0.172042,3.10902
-0.242165,-0.172042,3.10902
-0.243814,-0.171495,3.10735
-0.243814,-0.171495,3.10735
-0.243212,-0.170956,3.10473
-0.243212,-0.170956,3.10473
-0.243949,-0.171038,3.1009
-0.243949,-0.171038,3.1009
-0.242213,-0.170381,3.09626
-0.242213,-0.170381,3.09626
-0.24327,-0.171056,3.09539
-0.24327,-0.171056,3.09539
-0.243834,-0.171487,3.09453
-0.243834,-0.171487,3.09453
-0.242242,-0.170891,3.09324
-0.242242,-0.170891,3.09324
-0.24146,-0.170612,3.09089
-0.24146,-0.170612,3.09089
-0.24417,-0.172017,3.10023
-0.24417,-0.172017,3.10023
-0.2447,-0.172038,3.0991
-0.2447,-0.172038,3.0991
-0.244524,-0.171708,3.09557
-0.244524,-0.171708,3.09557
-0.245251,-0.17243,3.09572
-0.245251,-0.17243,3.09572
-0.242783,-0.171298,3.09341
-0.242783,-0.171298,3.09341
-0.243382,-0.171429,3.09375
-0.243382,-0.171429,3.09375
-0.244041,-0.171431,3.09256
-0.244041,-0.171431,3.09256
-0.245754,-0.166848,3.09983
-0.245754,-0.166848,3.09983
-0.246953,-0.163761,3.10912
-0.246953,-0.163761,3.10912
-0.246158,-0.165576,3.10529
-0.246158,-0.165576,3.10529
-0.243723,-0.167309,3.09938
-0.243723,-0.167309,3.09938
-0.242016,-0.171151,3.10167
-0.242016,-0.171151,3.10167
-0.24378,-0.172056,3.10375
-0.24378,-0.172056,3.10375
-0.244459,-0.172049,3.10068
-0.244459,-0.172049,3.10068
-0.240478,-0.173209,3.09289
-0.240478,-0.173209,3.09289
-0.2419,-0.17303,3.08887
-0.2419,-0.17303,3.08887
-0.243305,-0.173071,3.08855
-0.243305,-0.173071,3.08855
-0.242812,-0.17251,3.09864
-0.242812,-0.17251,3.09864
-0.241119,-0.173698,3.09649
-0.241119,-0.173698,3.09649
-0.238613,-0.17432,3.08356
-0.238613,-0.17432,3.08356
-0.241264,-0.174892,3.086
-0.241264,-0.174892,3.086
-0.242969,-0.174109,3.0867
-0.242969,-0.174109,3.0867
-0.243762,-0.173368,3.09072
-0.243762,-0.173368,3.09072
-0.244673,-0.172695,3.09815
-0.244673,-0.172695,3.09815
-0.244809,-0.171725,3.09334
-0.244809,-0.171725,3.09334
-0.245188,-0.171967,3.09022
-0.245188,-0.171967,3.09022
-0.245458,-0.17221,3.0979
-0.245458,-0.17221,3.0979
-0.244744,-0.171703,3.09007
-0.244744,-0.171703,3.09007
-0.244956,-0.171784,3.09733
-0.244956,-0.171784,3.09733
-0.243315,-0.17119,3.096
-0.243315,-0.17119,3.096
-0.240076,-0.172779,3.08553
-0.240076,-0.172779,3.08553
-0.237681,-0.174401,3.07743
-0.237681,-0.174401,3.07743
-0.241097,-0.174646,3.09027
-0.241097,-0.174646,3.09027
-0.242895,-0.173739,3.0919
-0.242895,-0.173739,3.0919
-0.243607,-0.172568,3.09121
-0.243607,-0.172568,3.09121
-0.24377,-0.172525,3.0869
-0.24377,-0.172525,3.0869
-0.241356,-0.171595,3.08165
-0.241356,-0.171595,3.08165
-0.239759,-0.171053,3.07512
-0.239759,-0.171053,3.07512
-0.236738,-0.172696,3.07431
-0.236738,-0.172696,3.07431
-0.234771,-0.175436,3.06976
-0.234771,-0.175436,3.06976
-0.235842,-0.176498,3.08579
-0.235842,-0.176498,3.08579
-0.237887,-0.174255,3.08704
-0.237887,-0.174255,3.08704
-0.241172,-0.173144,3.09079
-0.241172,-0.173144,3.09079
-0.240616,-0.174433,3.09772
-0.240616,-0.174433,3.09772
-0.242724,-0.174112,3.09747
-0.242724,-0.174112,3.09747
-0.243767,-0.173489,3.09761
-0.243767,-0.173489,3.09761
-0.2441,-0.172568,3.09471
-0.2441,-0.172568,3.09471
-0.244545,-0.171716,3.09616
-0.244545,-0.171716,3.09616
-0.24479,-0.171271,3.10001
-0.24479,-0.171271,3.10001
-0.241314,-0.172798,3.09288
-0.241314,-0.172798,3.09288
-0.243673,-0.173047,3.10543
-0.243673,-0.173047,3.10543
-0.242671,-0.168546,3.10641
-0.242671,-0.168546,3.10641
-0.2395,-0.169782,3.09308
-0.2395,-0.169782,3.09308
-0.24258,-0.166022,3.09331
-0.24258,-0.166022,3.09331
-0.24576,-0.168544,3.10889
-0.24576,-0.168544,3.10889
-0.246039,-0.169627,3.106
-0.246039,-0.169627,3.106
-0.246055,-0.170494,3.10644
-0.246055,-0.170494,3.10644
-0.245754,-0.170718,3.10323
-0.245754,-0.170718,3.10323
-0.241218,-0.171958,3.09476
-0.241218,-0.171958,3.09476
-0.243127,-0.172265,3.09942
-0.243127,-0.172265,3.09942
-0.244418,-0.171741,3.102
-0.244418,-0.171741,3.102
-0.245654,-0.171917,3.10796
-0.245654,-0.171917,3.10796
-0.245838,-0.171709,3.10757
-0.245838,-0.171709,3.10757
-0.243334,-0.170594,3.09961
-0.243334,-0.170594,3.09961
-0.241011,-0.169797,3.0871
-0.241011,-0.169797,3.0871
-0.239886,-0.169806,3.083
-0.239886,-0.169806,3.083
-0.242417,-0.171655,3.08673
-0.242417,-0.171655,3.08673
-0.243494,-0.172499,3.08863
-0.243494,-0.172499,3.08863
-0.243985,-0.172456,3.08968
-0.243985,-0.172456,3.08968
-0.244609,-0.172259,3.08729
-0.244609,-0.172259,3.08729
-0.242509,-0.171273,3.08429
-0.242509,-0.171273,3.08429
-0.242183,-0.170851,3.093
-0.242183,-0.170851,3.093
-0.245151,-0.166838,3.10248
-0.245151,-0.166838,3.10248
-0.245252,-0.167487,3.09776
-0.245252,-0.167487,3.09776
-0.245971,-0.169651,3.10094
-0.245971,-0.169651,3.10094
