0.109645,0.100865,3.05525
0.109645,0.100865,3.05525
-0.0263379,0.167117,3.2301
-0.0263379,0.167117,3.2301
-0.0252043,0.16886,3.23805
-0.0252043,0.16886,3.23805
-0.0244835,0.169607,3.2418
-0.0244835,0.169607,3.2418
-0.0241948,0.170196,3.24741
-0.0241948,0.170196,3.24741
-0.0240722,0.170557,3.24867
-0.0240722,0.170557,3.24867
-0.023919,0.170482,3.24713
-0.023919,0.170482,3.24713
-0.0238837,0.170189,3.24313
-0.0238837,0.170189,3.24313
-0.0238627,0.169762,3.24049
-0.0238627,0.169762,3.24049
-0.0238086,0.168809,3.2265
-0.0238086,0.168809,3.2265
-0.0237145,0.168325,3.21931
-0.0237145,0.168325,3.21931
-0.0217229,0.167277,3.23093
-0.0217229,0.167277,3.23093
-0.0206903,0.166363,3.23364
-0.0206903,0.166363,3.23364
-0.0184718,0.167548,3.23756
-0.0184718,0.167548,3.23756
-0.0148833,0.167572,3.22877
-0.0148833,0.167572,3.22877
-0.0127845,0.166777,3.21799
-0.0127845,0.166777,3.21799
-0.0140955,0.167484,3.22046
-0.0140955,0.167484,3.22046
-0.0145982,0.168419,3.21535
-0.0145982,0.168419,3.21535
-0.0129948,0.172773,3.21481
-0.0129948,0.172773,3.21481
-0.0105436,0.177263,3.21022
-0.0105436,0.177263,3.21022
-0.0113139,0.178546,3.20766
-0.0113139,0.178546,3.20766
-0.0115588,0.178331,3.19666
-0.0115588,0.178331,3.19666
-0.00858585,0.179335,3.19331
-0.00858585,0.179335,3.19331
-0.00691844,0.180087,3.19589
-0.00691844,0.180087,3.19589
-0.00618945,0.179805,3.18524
-0.00618945,0.179805,3.18524
-0.00575899,0.179933,3.18562
-0.00575899,0.179933,3.18562
-0.00570033,0.179724,3.17992
-0.00570033,0.179724,3.17992
-0.00566046,0.179915,3.17876
-0.00566046,0.179915,3.17876
-0.00680484,0.180398,3.17492
-0.00680484,0.180398,3.17492
-0.00952707,0.179142,3.16919
-0.00952707,0.179142,3.16919
-0.010882,0.178358,3.16239
-0.010882,0.178358,3.16239
-0.0157233,0.178136,3.15798
-0.0157233,0.178136,3.15798
-0.0184934,0.178147,3.1536
-0.0184934,0.178147,3.1536
-0.0210862,0.178878,3.15325
-0.0210862,0.178878,3.15325
-0.0222854,0.178858,3.14322
-0.0222854,0.178858,3.14322
-0.0265993,0.176526,3.1382
-0.0265993,0.176526,3.1382
-0.0325694,0.176796,3.1314
-0.0325694,0.176796,3.1314
-0.0357791,0.178148,3.14074
-0.0357791,0.178148,3.14074
-0.038859,0.175908,3.117
-0.038859,0.175908,3.117
-0.0398793,0.170017,3.11829
-0.0398793,0.170017,3.11829
-0.038904,0.165527,3.10142
-0.038904,0.165527,3.10142
-0.0355654,0.155955,3.08724
-0.0355654,0.155955,3.08724
-0.0289903,0.144267,3.08051
-0.0289903,0.144267,3.08051
-0.0208838,0.12836,3.06619
-0.0208838,0.12836,3.06619
-0.0159782,0.111847,3.05356
-0.0159782,0.111847,3.05356
-0.0105893,0.0854327,3.03177
-0.0105893,0.0854327,3.03177
-0.00672469,0.0548617,3.00508
-0.00672469,0.0548617,3.00508
-0.00598136,0.0229856,2.98821
-0.00598136,0.0229856,2.98821
-0.0115,-0.00910254,2.97113
-0.0115,-0.00910254,2.97113
-0.0150798,-0.0359089,2.95572
-0.0150798,-0.0359089,2.95572
-0.0227087,-0.0608732,2.95446
-0.0227087,-0.0608732,2.95446
-0.0305313,-0.0824769,2.95231
-0.0305313,-0.0824769,2.95231
-0.0390634,-0.100557,2.95412
-0.0390634,-0.100557,2.95412
-0.0500765,-0.111881,2.95454
-0.0500765,-0.111881,2.95454
-0.0625741,-0.123456,2.96278
-0.0625741,-0.123456,2.96278
-0.0708167,-0.131149,2.96239
-0.0708167,-0.131149,2.96239
-0.0790436,-0.141053,2.96471
-0.0790436,-0.141053,2.96471
-0.0833623,-0.146062,2.96602
-0.0833623,-0.146062,2.96602
-0.0872906,-0.14838,2.97301
-0.0872906,-0.14838,2.97301
-0.0898661,-0.145937,2.97023
-0.0898661,-0.145937,2.97023
-0.0915232,-0.148323,2.97903
-0.0915232,-0.148323,2.97903
-0.0945633,-0.14731,2.98419
-0.0945633,-0.14731,2.98419
-0.096285,-0.150029,2.99112
-0.096285,-0.150029,2.99112
-0.0999687,-0.145056,2.99447
-0.0999687,-0.145056,2.99447
-0.0958543,-0.146984,2.98719
-0.0958543,-0.146984,2.98719
-0.0961889,-0.149301,2.98343
-0.0961889,-0.149301,2.98343
-0.0966115,-0.151148,2.98996
-0.0966115,-0.151148,2.98996
-0.0993865,-0.151519,2.99491
-0.0993865,-0.151519,2.99491
-0.0988162,-0.152051,2.98824
-0.0988162,-0.152051,2.98824
-0.100635,-0.153333,2.98873
-0.100635,-0.153333,2.98873
-0.101939,-0.153714,2.98696
-0.101939,-0.153714,2.98696
-0.102727,-0.154648,2.99287
-0.102727,-0.154648,2.99287
-0.106222,-0.145988,2.99305
-0.106222,-0.145988,2.99305
-0.106734,-0.151169,2.98984
-0.106734,-0.151169,2.98984
-0.1108,-0.148892,2.99418
-0.1108,-0.148892,2.99418
-0.109352,-0.153989,2.99647
-0.109352,-0.153989,2.99647
-0.108838,-0.156299,3.00969
-0.108838,-0.156299,3.00969
-0.11164,-0.156802,3.019
-0.11164,-0.156802,3.019
-0.115043,-0.159629,3.01969
-0.115043,-0.159629,3.01969
-0.118593,-0.151207,3.01938
-0.118593,-0.151207,3.01938
-0.119839,-0.153365,3.02321
-0.119839,-0.153365,3.02321
-0.12148,-0.160669,3.02519
-0.12148,-0.160669,3.02519
-0.122272,-0.16455,3.02543
-0.122272,-0.16455,3.02543
-0.126279,-0.167713,3.03691
-0.126279,-0.167713,3.03691
-0.128044,-0.168902,3.03769
-0.128044,-0.168902,3.03769
-0.131227,-0.163962,3.05733
-0.131227,-0.163962,3.05733
-0.132835,-0.168705,3.06237
-0.132835,-0.168705,3.06237
-0.135715,-0.170424,3.07116
-0.135715,-0.170424,3.07116
-0.138334,-0.174676,3.08046
-0.138334,-0.174676,3.08046
-0.139205,-0.177385,3.08699
-0.139205,-0.177385,3.08699
-0.144259,-0.18146,3.117
-0.144259,-0.18146,3.117
-0.149342,-0.178695,3.11309
-0.149342,-0.178695,3.11309
-0.15361,-0.179686,3.11924
-0.15361,-0.179686,3.11924
-0.157256,-0.179577,3.12389
-0.157256,-0.179577,3.12389
-0.162603,-0.181075,3.13068
-0.162603,-0.181075,3.13068
-0.166545,-0.18078,3.15314
-0.166545,-0.18078,3.15314
-0.173235,-0.182178,3.17539
-0.173235,-0.182178,3.17539
-0.180154,-0.182955,3.19786
-0.180154,-0.182955,3.19786
-0.182956,-0.183962,3.21009
-0.182956,-0.183962,3.21009
-0.183606,-0.183952,3.21839
-0.183606,-0.183952,3.21839
-0.184764,-0.185111,3.2209
-0.184764,-0.185111,3.2209
-0.187548,-0.188677,3.23534
-0.187548,-0.188677,3.23534
-0.188029,-0.1904,3.24283
-0.188029,-0.1904,3.24283
-0.186374,-0.190796,3.25233
-0.186374,-0.190796,3.25233
-0.185374,-0.194371,3.25758
-0.185374,-0.194371,3.25758
-0.187833,-0.196759,3.2703
-0.187833,-0.196759,3.2703
-0.186592,-0.198412,3.27756
-0.186592,-0.198412,3.27756
-0.185074,-0.200376,3.29096
-0.185074,-0.200376,3.29096
-0.18307,-0.200546,3.3017
-0.18307,-0.200546,3.3017
-0.184776,-0.200517,3.31881
-0.184776,-0.200517,3.31881
-0.182601,-0.202308,3.32933
-0.182601,-0.202308,3.32933
-0.182341,-0.203334,3.34934
-0.182341,-0.203334,3.34934
-0.182876,-0.204029,3.37257
-0.182876,-0.204029,3.37257
-0.182606,-0.204993,3.39845
-0.182606,-0.204993,3.39845
-0.180004,-0.208847,3.40737
-0.180004,-0.208847,3.40737
-0.178963,-0.206262,3.4154
-0.178963,-0.206262,3.4154
-0.175967,-0.207526,3.41213
-0.175967,-0.207526,3.41213
-0.177937,-0.20761,3.43667
-0.177937,-0.20761,3.43667
-0.175878,-0.205815,3.44007
-0.175878,-0.205815,3.44007
-0.173737,-0.204576,3.44506
-0.173737,-0.204576,3.44506
-0.173599,-0.205196,3.44688
-0.173599,-0.205196,3.44688
-0.172719,-0.205852,3.45646
-0.172719,-0.205852,3.45646
-0.171576,-0.204363,3.45265
-0.171576,-0.204363,3.45265
-0.173262,-0.201295,3.4542
-0.173262,-0.201295,3.4542
-0.173894,-0.20277,3.45326
-0.173894,-0.20277,3.45326
-0.173766,-0.204937,3.44961
-0.173766,-0.204937,3.44961
-0.171648,-0.205133,3.44408
-0.171648,-0.205133,3.44408
-0.173579,-0.20413,3.44387
-0.173579,-0.20413,3.44387
-0.175107,-0.204297,3.44099
-0.175107,-0.204297,3.44099
-0.173275,-0.205234,3.44025
-0.173275,-0.205234,3.44025
-0.173684,-0.203013,3.44517
-0.173684,-0.203013,3.44517
-0.171929,-0.205506,3.44091
-0.171929,-0.205506,3.44091
-0.169236,-0.207915,3.45047
-0.169236,-0.207915,3.45047
-0.152114,-0.181718,3.48109
-0.152114,-0.181718,3.48109
-0.131013,-0.184512,3.55672
-0.131013,-0.184512,3.55672
-0.110879,-0.1851,3.63743
-0.110879,-0.1851,3.63743
-0.0931648,-0.178856,3.71495
-0.0931648,-0.178856,3.71495
-0.0821812,-0.173376,3.7936
-0.0821812,-0.173376,3.7936
-0.0669547,-0.134945,3.99546
-0.0669547,-0.134945,3.99546
-0.0540762,-0.126894,4.01836
-0.0540762,-0.126894,4.01836
-0.043029,-0.122213,4.03009
-0.043029,-0.122213,4.03009
-0.037127,-0.119533,4.04731
-0.037127,-0.119533,4.04731
-0.0292243,-0.115641,4.06866
-0.0292243,-0.115641,4.06866
-0.02713,-0.107973,4.08082
-0.02713,-0.107973,4.08082
-0.0197478,-0.104607,4.10602
-0.0197478,-0.104607,4.10602
-0.0132552,-0.10306,4.12397
-0.0132552,-0.10306,4.12397
-0.00879901,-0.102764,4.15266
-0.00879901,-0.102764,4.15266
-0.0109336,-0.100511,4.18827
-0.0109336,-0.100511,4.18827
-0.0097931,-0.101568,4.21406
-0.0097931,-0.101568,4.21406
-0.00945836,-0.101241,4.22852
-0.00945836,-0.101241,4.22852
-0.00902432,-0.103133,4.26168
-0.00902432,-0.103133,4.26168
-0.0106112,-0.103934,4.26771
-0.0106112,-0.103934,4.26771
-0.00946577,-0.104603,4.28187
-0.00946577,-0.104603,4.28187
-0.0111449,-0.104686,4.27862
-0.0111449,-0.104686,4.27862
-0.0117843,-0.104716,4.27647
-0.0117843,-0.104716,4.27647
-0.0122389,-0.104741,4.27576
-0.0122389,-0.104741,4.27576
-0.0104583,-0.105007,4.2859
-0.0104583,-0.105007,4.2859
-0.00891761,-0.105188,4.29065
-0.00891761,-0.105188,4.29065
-0.00739519,-0.104625,4.26653
-0.00739519,-0.104625,4.26653
-0.00742654,-0.10432,4.25467
-0.00742654,-0.10432,4.25467
-0.00941604,-0.104444,4.26292
-0.00941604,-0.104444,4.26292
-0.00615392,-0.0984151,4.28612
-0.00615392,-0.0984151,4.28612
-0.00663095,-0.101199,4.26453
-0.00663095,-0.101199,4.26453
-0.0076278,-0.102504,4.25357
-0.0076278,-0.102504,4.25357
-0.0082138,-0.103131,4.24805
-0.0082138,-0.103131,4.24805
-0.00400469,-0.150873,4.37468
-0.00400469,-0.150873,4.37468
-0.00445727,-0.18325,4.3862
-0.00445727,-0.18325,4.3862
-0.00958967,-0.21042,4.34837
-0.00958967,-0.21042,4.34837
-0.0138993,-0.2294,4.30265
-0.0138993,-0.2294,4.30265
-0.0180175,-0.245139,4.25331
-0.0180175,-0.245139,4.25331
-0.0210537,-0.252649,4.20932
-0.0210537,-0.252649,4.20932
-0.0217873,-0.258405,4.17306
-0.0217873,-0.258405,4.17306
-0.0243527,-0.264686,4.13773
-0.0243527,-0.264686,4.13773
-0.0256905,-0.267649,4.10915
-0.0256905,-0.267649,4.10915
-0.0296881,-0.272314,4.08524
-0.0296881,-0.272314,4.08524
-0.0327761,-0.275675,4.06661
-0.0327761,-0.275675,4.06661
-0.0339804,-0.276766,4.04949
-0.0339804,-0.276766,4.04949
-0.0344581,-0.277729,4.0347
-0.0344581,-0.277729,4.0347
-0.0361915,-0.278806,4.02221
-0.0361915,-0.278806,4.02221
-0.0368261,-0.279471,4.01151
-0.0368261,-0.279471,4.01151
-0.0368949,-0.279039,4.00294
-0.0368949,-0.279039,4.00294
-0.0372026,-0.279683,3.99546
-0.0372026,-0.279683,3.99546
-0.0386947,-0.282394,3.98861
-0.0386947,-0.282394,3.98861
-0.0398928,-0.282269,3.98537
-0.0398928,-0.282269,3.98537
-0.0398049,-0.281668,3.98325
-0.0398049,-0.281668,3.98325
-0.0406266,-0.282053,3.96517
-0.0406266,-0.282053,3.96517
-0.0414904,-0.283102,3.95264
-0.0414904,-0.283102,3.95264
-0.0427545,-0.284054,3.95662
-0.0427545,-0.284054,3.95662
-0.0421603,-0.288949,3.91463
-0.0421603,-0.288949,3.91463
-0.046462,-0.292834,3.85392
-0.046462,-0.292834,3.85392
-0.0489726,-0.290099,3.82348
-0.0489726,-0.290099,3.82348
-0.0511017,-0.290099,3.8011
-0.0511017,-0.290099,3.8011
-0.0540929,-0.287212,3.782
-0.0540929,-0.287212,3.782
-0.0562684,-0.285169,3.76908
-0.0562684,-0.285169,3.76908
-0.0581474,-0.284483,3.75634
-0.0581474,-0.284483,3.75634
-0.0583482,-0.284532,3.74927
-0.0583482,-0.284532,3.74927
-0.0604605,-0.285092,3.7428
-0.0604605,-0.285092,3.7428
-0.0604032,-0.286333,3.73859
-0.0604032,-0.286333,3.73859
-0.0609703,-0.286737,3.73334
-0.0609703,-0.286737,3.73334
-0.0554828,-0.278391,3.79337
-0.0554828,-0.278391,3.79337
-0.0526379,-0.273943,3.81772
-0.0526379,-0.273943,3.81772
-0.053349,-0.270425,3.83497
-0.053349,-0.270425,3.83497
-0.0568759,-0.269031,3.83798
-0.0568759,-0.269031,3.83798
-0.0576174,-0.267023,3.83053
-0.0576174,-0.267023,3.83053
-0.0590152,-0.26397,3.83878
-0.0590152,-0.26397,3.83878
-0.0578074,-0.25951,3.84395
-0.0578074,-0.25951,3.84395
-0.059358,-0.25604,3.84788
-0.059358,-0.25604,3.84788
-0.0623413,-0.260092,3.83105
-0.0623413,-0.260092,3.83105
-0.0632378,-0.259711,3.82496
-0.0632378,-0.259711,3.82496
-0.0648678,-0.261068,3.82159
-0.0648678,-0.261068,3.82159
-0.064341,-0.26041,3.82389
-0.064341,-0.26041,3.82389
-0.0647494,-0.256311,3.82741
-0.0647494,-0.256311,3.82741
-0.0676182,-0.255069,3.81029
-0.0676182,-0.255069,3.81029
-0.0694626,-0.254876,3.7996
-0.0694626,-0.254876,3.7996
-0.0708328,-0.25128,3.79487
-0.0708328,-0.25128,3.79487
-0.0724806,-0.250764,3.79005
-0.0724806,-0.250764,3.79005
-0.0733191,-0.251645,3.7742
-0.0733191,-0.251645,3.7742
-0.0771593,-0.249815,3.77854
-0.0771593,-0.249815,3.77854
-0.0793063,-0.24965,3.77954
-0.0793063,-0.24965,3.77954
-0.0806355,-0.24747,3.78442
-0.0806355,-0.24747,3.78442
-0.0821996,-0.246291,3.77385
-0.0821996,-0.246291,3.77385
-0.0833916,-0.246276,3.76644
-0.0833916,-0.246276,3.76644
-0.085348,-0.246473,3.76704
-0.085348,-0.246473,3.76704
-0.087572,-0.246367,3.76608
-0.087572,-0.246367,3.76608
-0.0899403,-0.24286,3.76573
-0.0899403,-0.24286,3.76573
-0.0910608,-0.241834,3.76325
-0.0910608,-0.241834,3.76325
-0.0928529,-0.241935,3.76233
-0.0928529,-0.241935,3.76233
-0.0931651,-0.242713,3.73116
-0.0931651,-0.242713,3.73116
-0.0941536,-0.243017,3.71751
-0.0941536,-0.243017,3.71751
-0.0959376,-0.241731,3.71207
-0.0959376,-0.241731,3.71207
-0.0977675,-0.241765,3.70819
-0.0977675,-0.241765,3.70819
-0.0986344,-0.239399,3.70928
-0.0986344,-0.239399,3.70928
-0.101762,-0.23691,3.70955
-0.101762,-0.23691,3.70955
-0.103847,-0.23641,3.69455
-0.103847,-0.23641,3.69455
-0.106751,-0.235265,3.6967
-0.106751,-0.235265,3.6967
-0.109079,-0.233624,3.69781
-0.109079,-0.233624,3.69781
-0.110576,-0.232244,3.69304
-0.110576,-0.232244,3.69304
-0.113149,-0.231482,3.69148
-0.113149,-0.231482,3.69148
-0.115119,-0.230538,3.67752
-0.115119,-0.230538,3.67752
-0.117361,-0.231922,3.66907
-0.117361,-0.231922,3.66907
-0.118994,-0.231431,3.66469
-0.118994,-0.231431,3.66469
-0.120075,-0.229145,3.66407
-0.120075,-0.229145,3.66407
-0.121218,-0.227908,3.65267
-0.121218,-0.227908,3.65267
-0.123557,-0.22564,3.65815
-0.123557,-0.22564,3.65815
-0.12444,-0.22262,3.6506
-0.12444,-0.22262,3.6506
-0.123689,-0.223051,3.64169
-0.123689,-0.223051,3.64169
-0.125477,-0.223541,3.63849
-0.125477,-0.223541,3.63849
-0.12872,-0.222121,3.6493
-0.12872,-0.222121,3.6493
-0.13027,-0.22272,3.65511
-0.13027,-0.22272,3.65511
-0.131642,-0.220713,3.64604
-0.131642,-0.220713,3.64604
-0.13246,-0.221134,3.6411
-0.13246,-0.221134,3.6411
-0.132368,-0.219147,3.63876
-0.132368,-0.219147,3.63876
-0.133599,-0.217617,3.62821
-0.133599,-0.217617,3.62821
-0.13352,-0.217969,3.62589
-0.13352,-0.217969,3.62589
-0.132342,-0.217909,3.6184
-0.132342,-0.217909,3.6184
-0.132091,-0.216409,3.60581
-0.132091,-0.216409,3.60581
-0.13293,-0.217271,3.60065
-0.13293,-0.217271,3.60065
-0.132893,-0.215611,3.59947
-0.132893,-0.215611,3.59947
-0.132465,-0.214288,3.59741
-0.132465,-0.214288,3.59741
-0.133063,-0.213491,3.59332
-0.133063,-0.213491,3.59332
-0.133195,-0.213101,3.59272
-0.133195,-0.213101,3.59272
-0.133992,-0.211682,3.59056
-0.133992,-0.211682,3.59056
-0.135326,-0.210061,3.59066
-0.135326,-0.210061,3.59066
-0.136024,-0.21294,3.59362
-0.136024,-0.21294,3.59362
-0.13669,-0.213068,3.59477
-0.13669,-0.213068,3.59477
-0.137335,-0.213024,3.59477
-0.137335,-0.213024,3.59477
-0.137514,-0.211531,3.59496
-0.137514,-0.211531,3.59496
-0.13766,-0.213074,3.5966
-0.13766,-0.213074,3.5966
-0.137134,-0.212534,3.5955
-0.137134,-0.212534,3.5955
-0.137908,-0.211075,3.59524
-0.137908,-0.211075,3.59524
-0.138058,-0.212069,3.59699
-0.138058,-0.212069,3.59699
-0.138702,-0.212229,3.59568
-0.138702,-0.212229,3.59568
-0.13879,-0.210765,3.59746
-0.13879,-0.210765,3.59746
-0.138073,-0.210974,3.59306
-0.138073,-0.210974,3.59306
-0.13783,-0.210384,3.59203
-0.13783,-0.210384,3.59203
-0.13719,-0.21029,3.59332
-0.13719,-0.21029,3.59332
-0.1357,-0.210455,3.58438
-0.1357,-0.210455,3.58438
-0.137538,-0.21288,3.58926
-0.137538,-0.21288,3.58926
-0.137669,-0.21154,3.59432
-0.137669,-0.21154,3.59432
-0.138329,-0.210609,3.59476
-0.138329,-0.210609,3.59476
-0.136803,-0.20917,3.58111
-0.136803,-0.20917,3.58111
-0.137199,-0.211011,3.5896
-0.137199,-0.211011,3.5896
-0.137225,-0.207803,3.59711
-0.137225,-0.207803,3.59711
-0.114582,-0.149763,3.76185
-0.114582,-0.149763,3.76185
-0.0974167,-0.136303,3.84095
-0.0974167,-0.136303,3.84095
-0.0781136,-0.13887,3.90334
-0.0781136,-0.13887,3.90334
-0.0549143,-0.150774,3.96711
-0.0549143,-0.150774,3.96711
-0.0433751,-0.146553,3.97105
-0.0433751,-0.146553,3.97105
-0.0360681,-0.143326,3.96757
-0.0360681,-0.143326,3.96757
-0.0198897,-0.130214,3.95049
-0.0198897,-0.130214,3.95049
-0.0199289,-0.129678,3.95053
-0.0199289,-0.129678,3.95053
-0.0204774,-0.129689,3.94671
-0.0204774,-0.129689,3.94671
-0.0230047,-0.130321,3.94586
-0.0230047,-0.130321,3.94586
-0.0216546,-0.130158,3.94284
-0.0216546,-0.130158,3.94284
-0.0208336,-0.129524,3.94667
-0.0208336,-0.129524,3.94667
-0.0204044,-0.130051,3.94389
-0.0204044,-0.130051,3.94389
-0.020187,-0.130308,3.94248
-0.020187,-0.130308,3.94248
-0.0200835,-0.129663,3.94652
-0.0200835,-0.129663,3.94652
-0.0199977,-0.129275,3.94862
-0.0199977,-0.129275,3.94862
-0.0199639,-0.129128,3.94966
-0.0199639,-0.129128,3.94966
-0.0199529,-0.129751,3.94515
-0.0199529,-0.129751,3.94515
-0.0205555,-0.1297,3.94409
-0.0205555,-0.1297,3.94409
-0.0203244,-0.130097,3.9425
-0.0203244,-0.130097,3.9425
-0.0201544,-0.130144,3.94138
-0.0201544,-0.130144,3.94138
-0.0200811,-0.130292,3.94109
-0.0200811,-0.130292,3.94109
-0.0200462,-0.129186,3.95471
-0.0200462,-0.129186,3.95471
-0.0204627,-0.129585,3.94894
-0.0204627,-0.129585,3.94894
-0.0202692,-0.128788,3.95858
-0.0202692,-0.128788,3.95858
-0.0200279,-0.128908,3.9548
-0.0200279,-0.128908,3.9548
-0.0199965,-0.128433,3.96182
-0.0199965,-0.128433,3.96182
-0.0198387,-0.129888,3.9523
-0.0198387,-0.129888,3.9523
-0.0198817,-0.129061,3.96032
-0.0198817,-0.129061,3.96032
-0.0425051,-0.110917,3.92516
-0.0425051,-0.110917,3.92516
-0.0512828,-0.109162,3.92703
-0.0512828,-0.109162,3.92703
-0.0506585,-0.110482,3.92972
-0.0506585,-0.110482,3.92972
-0.0371305,-0.117942,3.93037
-0.0371305,-0.117942,3.93037
-0.0293432,-0.12284,3.94118
-0.0293432,-0.12284,3.94118
-0.02519,-0.124824,3.95579
-0.02519,-0.124824,3.95579
-0.0225289,-0.126885,3.9533
-0.0225289,-0.126885,3.9533
-0.0217647,-0.128277,3.94802
-0.0217647,-0.128277,3.94802
-0.0209297,-0.129283,3.94428
-0.0209297,-0.129283,3.94428
-0.0204958,-0.130275,3.96409
-0.0204958,-0.130275,3.96409
-0.0199152,-0.131318,3.95453
-0.0199152,-0.131318,3.95453
-0.0423934,-0.113092,3.9434
-0.0423934,-0.113092,3.9434
-0.0457201,-0.112994,3.94353
-0.0457201,-0.112994,3.94353
-0.0349644,-0.119287,3.94188
-0.0349644,-0.119287,3.94188
-0.0278162,-0.124221,3.93995
-0.0278162,-0.124221,3.93995
-0.0240083,-0.127521,3.96126
-0.0240083,-0.127521,3.96126
-0.0216902,-0.129081,3.95663
-0.0216902,-0.129081,3.95663
-0.0207342,-0.130048,3.94933
-0.0207342,-0.130048,3.94933
-0.0429456,-0.111443,3.91963
-0.0429456,-0.111443,3.91963
-0.0536816,-0.103229,3.92718
-0.0536816,-0.103229,3.92718
-0.0526988,-0.101402,3.93419
-0.0526988,-0.101402,3.93419
-0.041705,-0.107681,3.93046
-0.041705,-0.107681,3.93046
-0.0323209,-0.117137,3.93535
-0.0323209,-0.117137,3.93535
-0.0204112,-0.131563,3.96351
-0.0204112,-0.131563,3.96351
-0.0198866,-0.133573,3.95777
-0.0198866,-0.133573,3.95777
-0.0115758,-0.139864,3.97333
-0.0115758,-0.139864,3.97333
-0.0355281,-0.109584,4.00917
-0.0355281,-0.109584,4.00917
-0.0468183,-0.0935294,3.9806
-0.0468183,-0.0935294,3.9806
-0.0531651,-0.0948544,3.96305
-0.0531651,-0.0948544,3.96305
-0.0479115,-0.103553,3.95283
-0.0479115,-0.103553,3.95283
-0.0361875,-0.114419,3.9468
-0.0361875,-0.114419,3.9468
-0.0277772,-0.121657,3.9494
-0.0277772,-0.121657,3.9494
-0.0444327,-0.10846,3.92392
-0.0444327,-0.10846,3.92392
-0.0453486,-0.108281,3.91369
-0.0453486,-0.108281,3.91369
-0.0369466,-0.111504,3.94165
-0.0369466,-0.111504,3.94165
-0.0208321,-0.117717,3.98604
-0.0208321,-0.117717,3.98604
-0.0201036,-0.126653,3.96903
-0.0201036,-0.126653,3.96903
-0.0197667,-0.127126,3.94588
-0.0197667,-0.127126,3.94588
-0.0209416,-0.127525,3.95212
-0.0209416,-0.127525,3.95212
-0.0204879,-0.12891,3.9463
-0.0204879,-0.12891,3.9463
-0.0486736,-0.108642,3.90516
-0.0486736,-0.108642,3.90516
-0.0633277,-0.0956538,3.88774
-0.0633277,-0.0956538,3.88774
-0.065265,-0.0915403,3.88611
-0.065265,-0.0915403,3.88611
-0.0640349,-0.0915291,3.90139
-0.0640349,-0.0915291,3.90139
-0.0555845,-0.100464,3.9192
-0.0555845,-0.100464,3.9192
-0.0393685,-0.112794,3.93171
-0.0393685,-0.112794,3.93171
-0.0580442,-0.10056,3.89786
-0.0580442,-0.10056,3.89786
-0.0683245,-0.0928554,3.88093
-0.0683245,-0.0928554,3.88093
-0.0679769,-0.0915427,3.88349
-0.0679769,-0.0915427,3.88349
-0.0591441,-0.0983175,3.90022
-0.0591441,-0.0983175,3.90022
-0.0425304,-0.111103,3.91927
-0.0425304,-0.111103,3.91927
-0.0596675,-0.0997906,3.89164
-0.0596675,-0.0997906,3.89164
-0.0632774,-0.0954082,3.8894
-0.0632774,-0.0954082,3.8894
-0.0554372,-0.101851,3.91022
-0.0554372,-0.101851,3.91022
-0.0352951,-0.116027,3.94708
-0.0352951,-0.116027,3.94708
-0.0498688,-0.105582,3.94044
-0.0498688,-0.105582,3.94044
-0.0549242,-0.101064,3.94163
-0.0549242,-0.101064,3.94163
-0.0493885,-0.105434,3.92375
-0.0493885,-0.105434,3.92375
-0.0459872,-0.108217,3.92023
-0.0459872,-0.108217,3.92023
-0.0520493,-0.102534,3.93612
-0.0520493,-0.102534,3.93612
-0.0547465,-0.0991423,3.92154
-0.0547465,-0.0991423,3.92154
-0.0510398,-0.10359,3.91419
-0.0510398,-0.10359,3.91419
-0.0398402,-0.113302,3.92584
-0.0398402,-0.113302,3.92584
-0.0583285,-0.10092,3.89492
-0.0583285,-0.10092,3.89492
-0.0681629,-0.0932206,3.87947
-0.0681629,-0.0932206,3.87947
-0.0731952,-0.0890454,3.87174
-0.0731952,-0.0890454,3.87174
-0.0709952,-0.0899747,3.88497
-0.0709952,-0.0899747,3.88497
-0.0597318,-0.0981983,3.89319
-0.0597318,-0.0981983,3.89319
-0.0423273,-0.110942,3.91875
-0.0423273,-0.110942,3.91875
-0.0315492,-0.119951,3.9282
-0.0315492,-0.119951,3.9282
-0.0258496,-0.123837,3.94839
-0.0258496,-0.123837,3.94839
-0.0233188,-0.126185,3.95019
-0.0233188,-0.126185,3.95019
-0.0216308,-0.127495,3.95043
-0.0216308,-0.127495,3.95043
-0.0433745,-0.110139,3.92019
-0.0433745,-0.110139,3.92019
-0.0532292,-0.102129,3.90706
-0.0532292,-0.102129,3.90706
-0.0585014,-0.099001,3.92192
-0.0585014,-0.099001,3.92192
-0.051103,-0.105232,3.931
-0.051103,-0.105232,3.931
-0.0368784,-0.11544,3.93793
-0.0368784,-0.11544,3.93793
-0.028661,-0.121788,3.9437
-0.028661,-0.121788,3.9437
-0.0433833,-0.109319,3.94785
-0.0433833,-0.109319,3.94785
-0.0442077,-0.10942,3.92742
-0.0442077,-0.10942,3.92742
-0.0518008,-0.10258,3.91725
-0.0518008,-0.10258,3.91725
-0.0562006,-0.0994378,3.92842
-0.0562006,-0.0994378,3.92842
-0.0521989,-0.103332,3.92522
-0.0521989,-0.103332,3.92522
-0.0380794,-0.113888,3.93418
-0.0380794,-0.113888,3.93418
-0.0294146,-0.121422,3.93589
-0.0294146,-0.121422,3.93589
-0.0248027,-0.125625,3.93768
-0.0248027,-0.125625,3.93768
-0.03155,-0.12026,3.92234
-0.03155,-0.12026,3.92234
-0.0277505,-0.122837,3.93122
-0.0277505,-0.122837,3.93122
-0.0242027,-0.125854,3.93431
-0.0242027,-0.125854,3.93431
-0.0232312,-0.120373,3.92067
-0.0232312,-0.120373,3.92067
-0.0226023,-0.123397,3.94483
-0.0226023,-0.123397,3.94483
-0.0212754,-0.126109,3.94772
-0.0212754,-0.126109,3.94772
-0.0210822,-0.126609,3.95883
-0.0210822,-0.126609,3.95883
-0.0209125,-0.126921,3.96445
-0.0209125,-0.126921,3.96445
-0.020899,-0.12766,3.95822
-0.020899,-0.12766,3.95822
-0.0211088,-0.128641,3.95079
-0.0211088,-0.128641,3.95079
-0.0211283,-0.128389,3.9514
-0.0211283,-0.128389,3.9514
-0.0211575,-0.12889,3.94699
-0.0211575,-0.12889,3.94699
-0.0206254,-0.129963,3.96514
-0.0206254,-0.129963,3.96514
-0.0204252,-0.128671,3.96809
-0.0204252,-0.128671,3.96809
-0.0200419,-0.128856,3.9597
-0.0200419,-0.128856,3.9597
-0.0199742,-0.128994,3.95527
-0.0199742,-0.128994,3.95527
-0.0199519,-0.129701,3.94799
-0.0199519,-0.129701,3.94799
-0.0200009,-0.130374,3.9657
-0.0200009,-0.130374,3.9657
-0.0114913,-0.138837,3.9982
-0.0114913,-0.138837,3.9982
-0.0155447,-0.138003,3.9981
-0.0155447,-0.138003,3.9981
-0.017552,-0.135933,3.99442
-0.017552,-0.135933,3.99442
-0.018754,-0.134327,3.97076
-0.018754,-0.134327,3.97076
-0.0192696,-0.132535,3.95611
-0.0192696,-0.132535,3.95611
-0.0196147,-0.13079,3.95336
-0.0196147,-0.13079,3.95336
-0.0197863,-0.129885,3.95198
-0.0197863,-0.129885,3.95198
-0.0202906,-0.129084,3.95199
-0.0202906,-0.129084,3.95199
-0.0206382,-0.128589,3.95199
-0.0206382,-0.128589,3.95199
-0.0209032,-0.128942,3.94716
-0.0209032,-0.128942,3.94716
-0.0204988,-0.130032,3.96532
-0.0204988,-0.130032,3.96532
-0.0204462,-0.130693,3.95528
-0.0204462,-0.130693,3.95528
-0.0205867,-0.129635,3.95365
-0.0205867,-0.129635,3.95365
-0.0207556,-0.128954,3.95283
-0.0207556,-0.128954,3.95283
-0.020388,-0.128928,3.95165
-0.020388,-0.128928,3.95165
-0.0207084,-0.129269,3.94718
-0.0207084,-0.129269,3.94718
-0.0208842,-0.129248,3.94456
-0.0208842,-0.129248,3.94456
-0.0205138,-0.129488,3.94191
-0.0205138,-0.129488,3.94191
-0.0202878,-0.128651,3.95531
-0.0202878,-0.128651,3.95531
-0.0205173,-0.128518,3.95365
-0.0205173,-0.128518,3.95365
-0.0202593,-0.128628,3.95208
-0.0202593,-0.128628,3.95208
-0.0206856,-0.129114,3.94747
-0.0206856,-0.129114,3.94747
-0.0210052,-0.129279,3.94527
-0.0210052,-0.129279,3.94527
-0.0205726,-0.129075,3.94774
-0.0205726,-0.129075,3.94774
-0.0202819,-0.128505,3.95826
-0.0202819,-0.128505,3.95826
-0.0200017,-0.128864,3.95471
-0.0200017,-0.128864,3.95471
-0.0199864,-0.129546,3.94752
-0.0199864,-0.129546,3.94752
-0.0204487,-0.128978,3.94977
-0.0204487,-0.128978,3.94977
-0.0207709,-0.128547,3.95088
-0.0207709,-0.128547,3.95088
-0.020935,-0.12839,3.95145
-0.020935,-0.12839,3.95145
-0.0205003,-0.128635,3.95088
-0.0205003,-0.128635,3.95088
-0.0202537,-0.129477,3.94572
-0.0202537,-0.129477,3.94572
-0.0201503,-0.131143,3.96296
-0.0201503,-0.131143,3.96296
-0.0197584,-0.13064,3.95747
-0.0197584,-0.13064,3.95747
-0.0202939,-0.130276,3.9502
-0.0202939,-0.130276,3.9502
-0.0207765,-0.129896,3.9466
-0.0207765,-0.129896,3.9466
-0.0210048,-0.129635,3.94463
-0.0210048,-0.129635,3.94463
-0.0211354,-0.129494,3.94364
-0.0211354,-0.129494,3.94364
-0.0210974,-0.130542,3.96101
-0.0210974,-0.130542,3.96101
-0.0202842,-0.130172,3.95638
-0.0202842,-0.130172,3.95638
-0.0206218,-0.130043,3.94976
-0.0206218,-0.130043,3.94976
-0.0203157,-0.129454,3.95009
-0.0203157,-0.129454,3.95009
-0.0201178,-0.129162,3.95039
-0.0201178,-0.129162,3.95039
-0.020039,-0.129065,3.95049
-0.020039,-0.129065,3.95049
-0.0204848,-0.128704,3.95123
-0.0204848,-0.128704,3.95123
-0.0208017,-0.128367,3.9516
-0.0208017,-0.128367,3.9516
-0.020953,-0.128247,3.9518
-0.020953,-0.128247,3.9518
-0.0209654,-0.127733,3.96064
-0.0209654,-0.127733,3.96064
-0.0203951,-0.129343,3.95128
-0.0203951,-0.129343,3.95128
-0.0207128,-0.129583,3.94723
-0.0207128,-0.129583,3.94723
-0.0207909,-0.130041,3.96529
-0.0207909,-0.130041,3.96529
-0.0200864,-0.129933,3.95865
-0.0200864,-0.129933,3.95865
-0.0204427,-0.129191,3.95533
-0.0204427,-0.129191,3.95533
-0.0207146,-0.128752,3.95366
-0.0207146,-0.128752,3.95366
-0.0208945,-0.128491,3.95283
-0.0208945,-0.128491,3.95283
-0.021015,-0.128297,3.95241
-0.021015,-0.128297,3.95241
-0.0210536,-0.128228,3.95221
-0.0210536,-0.128228,3.95221
-0.023549,-0.121795,3.93751
-0.023549,-0.121795,3.93751
-0.022525,-0.124562,3.93577
-0.022525,-0.124562,3.93577
-0.0219565,-0.126672,3.93874
-0.0219565,-0.126672,3.93874
-0.0211064,-0.129343,3.95784
-0.0211064,-0.129343,3.95784
-0.0206744,-0.129783,3.97712
-0.0206744,-0.129783,3.97712
-0.0203978,-0.129641,3.96456
-0.0203978,-0.129641,3.96456
-0.0428329,-0.111862,3.93399
-0.0428329,-0.111862,3.93399
-0.0456385,-0.109223,3.92648
-0.0456385,-0.109223,3.92648
-0.0515413,-0.102487,3.91672
-0.0515413,-0.102487,3.91672
-0.0559575,-0.0994517,3.92871
-0.0559575,-0.0994517,3.92871
-0.0578703,-0.0975335,3.9151
-0.0578703,-0.0975335,3.9151
-0.051407,-0.103989,3.92611
-0.051407,-0.103989,3.92611
-0.0323711,-0.117758,3.95183
-0.0323711,-0.117758,3.95183
-0.00561414,-0.133745,3.97291
-0.00561414,-0.133745,3.97291
-0.0134205,-0.130767,3.95397
-0.0134205,-0.130767,3.95397
-0.0164423,-0.12944,3.96253
-0.0164423,-0.12944,3.96253
-0.0186666,-0.129945,3.95337
-0.0186666,-0.129945,3.95337
-0.0199353,-0.129804,3.94829
-0.0199353,-0.129804,3.94829
-0.0200338,-0.129924,3.94412
-0.0200338,-0.129924,3.94412
-0.0200422,-0.130096,3.94227
-0.0200422,-0.130096,3.94227
-0.0205005,-0.129806,3.94231
-0.0205005,-0.129806,3.94231
-0.0294017,-0.12235,3.92466
-0.0294017,-0.12235,3.92466
-0.0267467,-0.123862,3.93242
-0.0267467,-0.123862,3.93242
-0.0442119,-0.109523,3.91475
-0.0442119,-0.109523,3.91475
-0.0467343,-0.108108,3.91754
-0.0467343,-0.108108,3.91754
-0.0355273,-0.11703,3.94544
-0.0355273,-0.11703,3.94544
-0.0131593,-0.128576,3.9858
-0.0131593,-0.128576,3.9858
-0.0208573,-0.120951,3.94835
-0.0208573,-0.120951,3.94835
-0.0219763,-0.123572,3.94408
-0.0219763,-0.123572,3.94408
-0.0206454,-0.126884,3.94217
-0.0206454,-0.126884,3.94217
-0.0203067,-0.128639,3.94144
-0.0203067,-0.128639,3.94144
-0.0206744,-0.129112,3.94207
-0.0206744,-0.129112,3.94207
-0.020368,-0.128945,3.94622
-0.020368,-0.128945,3.94622
-0.0227963,-0.122125,3.93359
-0.0227963,-0.122125,3.93359
-0.0225679,-0.124522,3.93666
-0.0225679,-0.124522,3.93666
-0.0148995,-0.135936,3.9579
-0.0148995,-0.135936,3.9579
-0.0171335,-0.135764,3.95495
-0.0171335,-0.135764,3.95495
-0.0124805,-0.13504,3.96758
-0.0124805,-0.13504,3.96758
-0.015918,-0.134825,3.95872
-0.015918,-0.134825,3.95872
-0.0464103,-0.111178,3.91886
-0.0464103,-0.111178,3.91886
-0.0566516,-0.100475,3.9044
-0.0566516,-0.100475,3.9044
-0.0528296,-0.103784,3.92288
-0.0528296,-0.103784,3.92288
-0.0411854,-0.113489,3.93252
-0.0411854,-0.113489,3.93252
-0.0514723,-0.10506,3.93782
-0.0514723,-0.10506,3.93782
-0.0482076,-0.108071,3.93927
-0.0482076,-0.108071,3.93927
-0.0378813,-0.116194,3.93721
-0.0378813,-0.116194,3.93721
-0.0232998,-0.130845,3.96363
-0.0232998,-0.130845,3.96363
-0.0443188,-0.112477,3.93356
-0.0443188,-0.112477,3.93356
-0.0547889,-0.103575,3.91912
-0.0547889,-0.103575,3.91912
-0.0515346,-0.105143,3.9191
-0.0515346,-0.105143,3.9191
-0.0548238,-0.100997,3.93554
-0.0548238,-0.100997,3.93554
-0.0487313,-0.105776,3.92127
-0.0487313,-0.105776,3.92127
-0.0366202,-0.115154,3.93664
-0.0366202,-0.115154,3.93664
-0.0374548,-0.115026,3.92182
-0.0374548,-0.115026,3.92182
-0.0474516,-0.105386,3.91441
-0.0474516,-0.105386,3.91441
-0.0471994,-0.106579,3.91679
-0.0471994,-0.106579,3.91679
-0.0360678,-0.11472,3.92432
-0.0360678,-0.11472,3.92432
-0.0505983,-0.103768,3.90711
-0.0505983,-0.103768,3.90711
-0.0492163,-0.105222,3.91238
-0.0492163,-0.105222,3.91238
-0.0371584,-0.11462,3.92241
-0.0371584,-0.11462,3.92241
-0.0501754,-0.105038,3.9144
-0.0501754,-0.105038,3.9144
-0.0497539,-0.105839,3.91761
-0.0497539,-0.105839,3.91761
-0.0540414,-0.101331,3.93424
-0.0540414,-0.101331,3.93424
-0.049925,-0.105736,3.94184
-0.049925,-0.105736,3.94184
-0.0372456,-0.115091,3.94691
-0.0372456,-0.115091,3.94691
-0.0294184,-0.121272,3.94945
-0.0294184,-0.121272,3.94945
-0.0217386,-0.127559,3.96542
-0.0217386,-0.127559,3.96542
-0.0084216,-0.135408,3.99534
-0.0084216,-0.135408,3.99534
0.0153839,-0.113655,3.9967
0.0153839,-0.113655,3.9967
-0.0250345,-0.103472,3.96232
-0.0250345,-0.103472,3.96232
-0.0441999,-0.0998895,3.95051
-0.0441999,-0.0998895,3.95051
-0.0520848,-0.0977444,3.9258
-0.0520848,-0.0977444,3.9258
-0.0500089,-0.103202,3.9365
-0.0500089,-0.103202,3.9365
-0.0364376,-0.11567,3.9496
-0.0364376,-0.11567,3.9496
-0.0566072,-0.102133,3.9068
-0.0566072,-0.102133,3.9068
-0.0617186,-0.0966196,3.89705
-0.0617186,-0.0966196,3.89705
-0.0631576,-0.0959257,3.91542
-0.0631576,-0.0959257,3.91542
-0.0535475,-0.103578,3.9275
-0.0535475,-0.103578,3.9275
-0.0382204,-0.114798,3.92967
-0.0382204,-0.114798,3.92967
-0.0319495,-0.115067,3.92583
-0.0319495,-0.115067,3.92583
-0.0267419,-0.120954,3.93646
-0.0267419,-0.120954,3.93646
-0.0240337,-0.124426,3.94423
-0.0240337,-0.124426,3.94423
-0.0220855,-0.127229,3.94211
-0.0220855,-0.127229,3.94211
-0.0210587,-0.128708,3.94115
-0.0210587,-0.128708,3.94115
-0.0205273,-0.128825,3.94584
-0.0205273,-0.128825,3.94584
-0.0202452,-0.129629,3.94335
-0.0202452,-0.129629,3.94335
-0.0205746,-0.129029,3.94768
-0.0205746,-0.129029,3.94768
-0.0207716,-0.128641,3.94984
-0.0207716,-0.128641,3.94984
-0.0204302,-0.12939,3.94499
-0.0204302,-0.12939,3.94499
-0.0207467,-0.12941,3.94369
-0.0207467,-0.12941,3.94369
-0.0204342,-0.129731,3.94183
-0.0204342,-0.129731,3.94183
-0.0202522,-0.129937,3.94099
-0.0202522,-0.129937,3.94099
-0.0201241,-0.129432,3.94574
-0.0201241,-0.129432,3.94574
-0.0205705,-0.128806,3.94888
-0.0205705,-0.128806,3.94888
-0.0203128,-0.128815,3.94962
-0.0203128,-0.128815,3.94962
-0.0201296,-0.129712,3.94539
-0.0201296,-0.129712,3.94539
-0.0424488,-0.11231,3.93898
-0.0424488,-0.11231,3.93898
-0.044158,-0.110966,3.94387
-0.044158,-0.110966,3.94387
-0.050804,-0.103354,3.92543
-0.050804,-0.103354,3.92543
-0.0475981,-0.107124,3.93195
-0.0475981,-0.107124,3.93195
-0.0356239,-0.117254,3.94929
-0.0356239,-0.117254,3.94929
-0.0285061,-0.123361,3.94623
-0.0285061,-0.123361,3.94623
-0.0247388,-0.125806,3.94911
-0.0247388,-0.125806,3.94911
-0.0224007,-0.127284,3.94973
-0.0224007,-0.127284,3.94973
-0.0222942,-0.129159,3.96677
-0.0222942,-0.129159,3.96677
-0.020833,-0.129446,3.95939
-0.020833,-0.129446,3.95939
-0.020395,-0.131058,3.96951
-0.020395,-0.131058,3.96951
-0.0202872,-0.131583,3.9782
-0.0202872,-0.131583,3.9782
-0.0198134,-0.132259,3.9622
-0.0198134,-0.132259,3.9622
-0.0197599,-0.130861,3.9567
-0.0197599,-0.130861,3.9567
-0.0203437,-0.129609,3.95435
-0.0203437,-0.129609,3.95435
-0.020673,-0.128979,3.95317
-0.020673,-0.128979,3.95317
-0.0208356,-0.130317,3.96586
-0.0208356,-0.130317,3.96586
-0.0201651,-0.131001,3.95468
-0.0201651,-0.131001,3.95468
-0.0205635,-0.13051,3.94905
-0.0205635,-0.13051,3.94905
-0.02029,-0.129726,3.94976
-0.02029,-0.129726,3.94976
-0.0227726,-0.122519,3.9354
-0.0227726,-0.122519,3.9354
-0.0226649,-0.124774,3.93794
-0.0226649,-0.124774,3.93794
-0.0220488,-0.126785,3.93992
-0.0220488,-0.126785,3.93992
-0.021586,-0.127405,3.94596
-0.021586,-0.127405,3.94596
-0.0213691,-0.12773,3.94899
-0.0213691,-0.12773,3.94899
-0.0212243,-0.127903,3.95049
-0.0212243,-0.127903,3.95049
-0.0212895,-0.128697,3.94683
-0.0212895,-0.128697,3.94683
-0.0212155,-0.12899,3.94453
-0.0212155,-0.12899,3.94453
-0.0211453,-0.128569,3.94827
-0.0211453,-0.128569,3.94827
-0.0205936,-0.129503,3.94454
-0.0205936,-0.129503,3.94454
-0.0202877,-0.129899,3.9425
-0.0202877,-0.129899,3.9425
-0.0201581,-0.130008,3.94129
-0.0201581,-0.130008,3.94129
-0.0205468,-0.12918,3.94665
-0.0205468,-0.12918,3.94665
-0.0212763,-0.122038,3.92683
-0.0212763,-0.122038,3.92683
-0.0216723,-0.124505,3.93304
-0.0216723,-0.124505,3.93304
-0.0215421,-0.12667,3.93746
-0.0215421,-0.12667,3.93746
-0.0208352,-0.127675,3.94383
-0.0208352,-0.127675,3.94383
-0.0209474,-0.127945,3.94791
-0.0209474,-0.127945,3.94791
-0.0210447,-0.128042,3.94996
-0.0210447,-0.128042,3.94996
-0.0211369,-0.128678,3.94622
-0.0211369,-0.128678,3.94622
-0.0206357,-0.128714,3.9482
-0.0206357,-0.128714,3.9482
-0.0202676,-0.128764,3.94947
-0.0202676,-0.128764,3.94947
-0.0207279,-0.129239,3.94637
-0.0207279,-0.129239,3.94637
-0.0429314,-0.111041,3.91813
-0.0429314,-0.111041,3.91813
-0.0528618,-0.108598,3.92885
-0.0528618,-0.108598,3.92885
-0.0484891,-0.109816,3.93988
-0.0484891,-0.109816,3.93988
-0.0361564,-0.117808,3.93994
-0.0361564,-0.117808,3.93994
-0.0289499,-0.123156,3.9409
-0.0289499,-0.123156,3.9409
-0.0245897,-0.126586,3.9404
-0.0245897,-0.126586,3.9404
-0.0435305,-0.107632,3.91818
-0.0435305,-0.107632,3.91818
-0.0523174,-0.100954,3.9264
-0.0523174,-0.100954,3.9264
-0.0495635,-0.104271,3.92425
-0.0495635,-0.104271,3.92425
-0.0391005,-0.109901,3.95202
-0.0391005,-0.109901,3.95202
-0.0315154,-0.112396,3.92953
-0.0315154,-0.112396,3.92953
-0.0268231,-0.119279,3.94938
-0.0268231,-0.119279,3.94938
-0.0234333,-0.124119,3.94989
-0.0234333,-0.124119,3.94989
-0.0222247,-0.126196,3.95094
-0.0222247,-0.126196,3.95094
-0.0236584,-0.120746,3.9358
-0.0236584,-0.120746,3.9358
-0.021516,-0.124499,3.94391
-0.021516,-0.124499,3.94391
-0.0212578,-0.127062,3.94329
-0.0212578,-0.127062,3.94329
-0.0216918,-0.120979,3.92515
-0.0216918,-0.120979,3.92515
-0.0422243,-0.108195,3.91572
-0.0422243,-0.108195,3.91572
-0.0444223,-0.107846,3.91861
-0.0444223,-0.107846,3.91861
-0.0519324,-0.102307,3.93368
-0.0519324,-0.102307,3.93368
-0.0482709,-0.106416,3.94232
-0.0482709,-0.106416,3.94232
-0.0528572,-0.101083,3.92466
-0.0528572,-0.101083,3.92466
-0.048588,-0.106012,3.93164
-0.048588,-0.106012,3.93164
-0.0372089,-0.115257,3.94012
-0.0372089,-0.115257,3.94012
-0.0228895,-0.129898,3.94407
-0.0228895,-0.129898,3.94407
-0.0210174,-0.122396,3.92554
-0.0210174,-0.122396,3.92554
-0.0214537,-0.124578,3.93877
-0.0214537,-0.124578,3.93877
-0.0213838,-0.126193,3.94539
-0.0213838,-0.126193,3.94539
-0.0217832,-0.120544,3.9262
-0.0217832,-0.120544,3.9262
-0.0228833,-0.118219,3.93361
-0.0228833,-0.118219,3.93361
-0.022027,-0.122731,3.94066
-0.022027,-0.122731,3.94066
-0.0211178,-0.126304,3.94013
-0.0211178,-0.126304,3.94013
-0.0215543,-0.120598,3.92357
-0.0215543,-0.120598,3.92357
-0.0219032,-0.123789,3.93164
-0.0219032,-0.123789,3.93164
-0.0492944,-0.106053,3.89783
-0.0492944,-0.106053,3.89783
-0.0587025,-0.0988322,3.89857
-0.0587025,-0.0988322,3.89857
-0.053667,-0.103507,3.91646
-0.053667,-0.103507,3.91646
-0.0558901,-0.100177,3.93424
-0.0558901,-0.100177,3.93424
-0.0505832,-0.104791,3.92062
-0.0505832,-0.104791,3.92062
-0.0397561,-0.109916,3.93501
-0.0397561,-0.109916,3.93501
-0.0489335,-0.103381,3.9435
-0.0489335,-0.103381,3.9435
-0.0471145,-0.106385,3.92525
-0.0471145,-0.106385,3.92525
-0.0384067,-0.110329,3.92542
-0.0384067,-0.110329,3.92542
-0.0313453,-0.118197,3.93865
-0.0313453,-0.118197,3.93865
-0.0287881,-0.116785,3.93097
-0.0287881,-0.116785,3.93097
-0.046793,-0.105792,3.93163
-0.046793,-0.105792,3.93163
-0.0547138,-0.10114,3.93619
-0.0547138,-0.10114,3.93619
-0.0489426,-0.106492,3.93878
-0.0489426,-0.106492,3.93878
-0.0365478,-0.115679,3.94539
-0.0365478,-0.115679,3.94539
-0.0299233,-0.121751,3.94879
-0.0299233,-0.121751,3.94879
-0.0250982,-0.125834,3.94423
-0.0250982,-0.125834,3.94423
-0.0229831,-0.127104,3.94811
-0.0229831,-0.127104,3.94811
-0.0150418,-0.131171,3.96244
-0.0150418,-0.131171,3.96244
-0.0459522,-0.109689,3.91323
-0.0459522,-0.109689,3.91323
-0.0574146,-0.100914,3.90636
-0.0574146,-0.100914,3.90636
-0.0537323,-0.103526,3.90609
-0.0537323,-0.103526,3.90609
-0.0395208,-0.113703,3.92799
-0.0395208,-0.113703,3.92799
-0.0161747,-0.130517,3.97601
-0.0161747,-0.130517,3.97601
0.000854961,-0.14301,4.00272
0.000854961,-0.14301,4.00272
-0.0118357,-0.128954,3.95486
-0.0118357,-0.128954,3.95486
-0.0155654,-0.128875,3.94603
-0.0155654,-0.128875,3.94603
-0.0201356,-0.122072,3.93289
-0.0201356,-0.122072,3.93289
-0.0391246,-0.109459,3.94245
-0.0391246,-0.109459,3.94245
-0.0411549,-0.109885,3.92435
-0.0411549,-0.109885,3.92435
-0.0493006,-0.102816,3.91567
-0.0493006,-0.102816,3.91567
-0.0469139,-0.106822,3.92691
-0.0469139,-0.106822,3.92691
-0.0354831,-0.116176,3.93333
-0.0354831,-0.116176,3.93333
-0.0274262,-0.122584,3.94267
-0.0274262,-0.122584,3.94267
-0.0236731,-0.126554,3.94183
-0.0236731,-0.126554,3.94183
-0.0218413,-0.128347,3.941
-0.0218413,-0.128347,3.941
-0.0249996,-0.122224,3.94446
-0.0249996,-0.122224,3.94446
-0.0415546,-0.109536,3.94822
-0.0415546,-0.109536,3.94822
-0.0427773,-0.110633,3.94518
-0.0427773,-0.110633,3.94518
-0.0333733,-0.118644,3.9607
-0.0333733,-0.118644,3.9607
-0.0121304,-0.130413,3.99604
-0.0121304,-0.130413,3.99604
-0.0157281,-0.131109,3.9699
-0.0157281,-0.131109,3.9699
-0.0177746,-0.130242,3.96042
-0.0177746,-0.130242,3.96042
-0.0414609,-0.111527,3.92519
-0.0414609,-0.111527,3.92519
-0.0525365,-0.102522,3.90935
-0.0525365,-0.102522,3.90935
-0.0565715,-0.0984053,3.90181
-0.0565715,-0.0984053,3.90181
-0.0519671,-0.103566,3.92306
-0.0519671,-0.103566,3.92306
-0.0387188,-0.114024,3.9321
-0.0387188,-0.114024,3.9321
-0.0302523,-0.121086,3.93667
-0.0302523,-0.121086,3.93667
-0.0252568,-0.125498,3.93816
-0.0252568,-0.125498,3.93816
-0.0226573,-0.127949,3.93944
-0.0226573,-0.127949,3.93944
-0.0497107,-0.108246,3.90172
-0.0497107,-0.108246,3.90172
-0.06377,-0.0957197,3.88587
-0.06377,-0.0957197,3.88587
-0.0718594,-0.0897649,3.89244
-0.0718594,-0.0897649,3.89244
-0.0688161,-0.090599,3.90644
-0.0688161,-0.090599,3.90644
-0.0649287,-0.0933031,3.92189
-0.0649287,-0.0933031,3.92189
-0.0550577,-0.10171,3.93596
-0.0550577,-0.10171,3.93596
-0.0375523,-0.114915,3.93627
-0.0375523,-0.114915,3.93627
-0.028884,-0.122284,3.93766
-0.028884,-0.122284,3.93766
-0.0240991,-0.126493,3.93952
-0.0240991,-0.126493,3.93952
-0.0217107,-0.12869,3.94065
-0.0217107,-0.12869,3.94065
-0.0207937,-0.128903,3.94572
-0.0207937,-0.128903,3.94572
-0.0208769,-0.129242,3.9441
-0.0208769,-0.129242,3.9441
-0.0210486,-0.129342,3.94343
-0.0210486,-0.129342,3.94343
-0.0209996,-0.129907,3.96336
-0.0209996,-0.129907,3.96336
-0.0201884,-0.129898,3.95769
-0.0201884,-0.129898,3.95769
-0.0197802,-0.129712,3.95484
-0.0197802,-0.129712,3.95484
-0.0202959,-0.129101,3.95342
-0.0202959,-0.129101,3.95342
-0.0216873,-0.128824,3.95311
-0.0216873,-0.128824,3.95311
-0.0209443,-0.130631,3.9659
-0.0209443,-0.130631,3.9659
-0.020616,-0.13012,3.95894
-0.020616,-0.13012,3.95894
-0.0208606,-0.129993,3.95118
-0.0208606,-0.129993,3.95118
-0.0208753,-0.13032,3.96743
-0.0208753,-0.13032,3.96743
