0.265671,0.337192
0.147526,0.366938
0.348306,0.0921893
0.351462,0.0828294
0.265671,0.337192
0.147526,0.366938
0.00302653,0.00384129
0,0
0.265671,0.337192
0.147526,0.366938
0.00302653,0.00384129
0,0
0.265671,0.337192
0.147526,0.366938
0.348306,0.0921893
0.351462,0.0828294
0.265671,0.337192
0.147526,0.366938
0.00302653,0.00384129
0,0
0.265671,0.337192
0.147526,0.366938
0.00302653,0.00384129
0,0
0.260586,0.345709
0.175831,0.487658
0.341446,0.0929738
0.344487,0.0834699
0.260586,0.345709
0.175831,0.487658
0.00291969,0.00387343
0,0
0.260586,0.345709
0.175831,0.487658
0.00291969,0.00387343
0,0
0.260586,0.345709
0.175831,0.487658
0.341446,0.0929738
0.344487,0.0834699
0.260586,0.345709
0.175831,0.487658
0.00291969,0.00387343
0,0
0.260586,0.345709
0.175831,0.487658
0.00291969,0.00387343
0,0
0.432516,0.341779
0.298941,0.399761
0.339879,0.09371
0.336386,0.0843558
0.432516,0.341779
0.298941,0.399761
0.00454536,0.00359179
0,0
0.432516,0.341779
0.298941,0.399761
0.00454536,0.00359179
0,0
0.432516,0.341779
0.298941,0.399761
0.339879,0.09371
0.336386,0.0843558
0.432516,0.341779
0.298941,0.399761
0.00454536,0.00359179
0,0
0.432516,0.341779
0.298941,0.399761
0.00454536,0.00359179
0,0
0.419228,0.335174
0.211606,0.231975
0.326935,0.0955416
0.323341,0.0862098
0.419228,0.335174
0.211606,0.231975
0.00442731,0.00353965
0,0
0.419228,0.335174
0.211606,0.231975
0.00442731,0.00353965
0,0
0.24147,0.348531
0.0121301,0.39638
0.320362,0.0957545
0.323341,0.0862098
0.24147,0.348531
0.0121301,0.39638
0.00270727,0.0039076
0,0
0.24147,0.348531
0.0121301,0.39638
0.00270727,0.0039076
0,0
0.419228,0.335174
0.211606,0.231975
0.326935,0.0955416
0.323341,0.0862098
0.419228,0.335174
0.211606,0.231975
0.00442731,0.00353965
0,0
0.419228,0.335174
0.211606,0.231975
0.00442731,0.00353965
0,0
0.24147,0.348531
0.0121301,0.39638
0.320362,0.0957545
0.323341,0.0862098
0.24147,0.348531
0.0121301,0.39638
0.00270727,0.0039076
0,0
0.24147,0.348531
0.0121301,0.39638
0.00270727,0.0039076
0,0
0.410119,0.338309
0.23825,0.397446
0.312751,0.0956828
0.309027,0.0864045
0.410119,0.338309
0.23825,0.397446
0.00434234,0.00358201
0,0
0.410119,0.338309
0.23825,0.397446
0.00434234,0.00358201
0,0
0.228287,0.345901
-0.0204484,0.296276
0.306061,0.0959378
0.309027,0.0864045
0.228287,0.345901
-0.0204484,0.296276
0.00255915,0.00387762
0,0
0.228287,0.345901
-0.0204484,0.296276
0.00255915,0.00387762
0,0
0.410119,0.338309
0.23825,0.397446
0.312751,0.0956828
0.309027,0.0864045
0.410119,0.338309
0.23825,0.397446
0.00434234,0.00358201
0,0
0.410119,0.338309
0.23825,0.397446
0.00434234,0.00358201
0,0
0.228287,0.345901
-0.0204484,0.296276
0.306061,0.0959378
0.309027,0.0864045
0.228287,0.345901
-0.0204484,0.296276
0.00255915,0.00387762
0,0
0.228287,0.345901
-0.0204484,0.296276
0.00255915,0.00387762
0,0
0.218647,0.349985
0.0495128,0.421633
0.297985,0.0959171
0.300955,0.0864059
0.218647,0.349985
0.0495128,0.421633
0.00244077,0.00390691
0,0
0.218647,0.349985
0.0495128,0.421633
0.00244077,0.00390691
0,0
0.218647,0.349985
0.0495128,0.421633
0.297985,0.0959171
0.300955,0.0864059
0.218647,0.349985
0.0495128,0.421633
0.00244077,0.00390691
0,0
0.218647,0.349985
0.0495128,0.421633
0.00244077,0.00390691
0,0
0.395856,0.340083
0.256546,0.391572
0.297039,0.0951219
0.293305,0.085866
0.395856,0.340083
0.256546,0.391572
0.00418488,0.00359526
0,0
0.395856,0.340083
0.256546,0.391572
0.00418488,0.00359526
0,0
0.206764,0.345718
-0.0174303,0.265213
0.290146,0.0953529
0.293305,0.085866
0.206764,0.345718
-0.0174303,0.265213
0.00238346,0.00398524
0,0
0.206764,0.345718
-0.0174303,0.265213
0.00238346,0.00398524
0,0
0.395856,0.340083
0.256546,0.391572
0.297039,0.0951219
0.293305,0.085866
0.395856,0.340083
0.256546,0.391572
0.00418488,0.00359526
0,0
0.395856,0.340083
0.256546,0.391572
0.00418488,0.00359526
0,0
0.206764,0.345718
-0.0174303,0.265213
0.290146,0.0953529
0.293305,0.085866
0.206764,0.345718
-0.0174303,0.265213
0.00238346,0.00398524
0,0
0.206764,0.345718
-0.0174303,0.265213
0.00238346,0.00398524
0,0
0.388947,0.338448
0.273797,0.3112
0.288892,0.0947271
0.285115,0.0855274
0.388947,0.338448
0.273797,0.3112
0.00409427,0.00356269
0,0
0.388947,0.338448
0.273797,0.3112
0.00409427,0.00356269
0,0
0.19715,0.346532
0.0341975,0.360325
0.281924,0.0949951
0.285115,0.0855274
0.19715,0.346532
0.0341975,0.360325
0.00230364,0.00404913
0,0
0.19715,0.346532
0.0341975,0.360325
0.00230364,0.00404913
0,0
0.388947,0.338448
0.273797,0.3112
0.288892,0.0947271
0.285115,0.0855274
0.388947,0.338448
0.273797,0.3112
0.00409427,0.00356269
0,0
0.388947,0.338448
0.273797,0.3112
0.00409427,0.00356269
0,0
0.19715,0.346532
0.0341975,0.360325
0.281924,0.0949951
0.285115,0.0855274
0.19715,0.346532
0.0341975,0.360325
0.00230364,0.00404913
0,0
0.19715,0.346532
0.0341975,0.360325
0.00230364,0.00404913
0,0
0.19379,0.348133
0.13959,0.373963
0.274898,0.0954164
0.277946,0.0859195
0.19379,0.348133
0.13959,0.373963
0.00228775,0.00410982
0,0
0.19379,0.348133
0.13959,0.373963
0.00228775,0.00410982
0,0
0.19379,0.348133
0.13959,0.373963
0.274898,0.0954164
0.277946,0.0859195
0.19379,0.348133
0.13959,0.373963
0.00228775,0.00410982
0,0
0.19379,0.348133
0.13959,0.373963
0.00228775,0.00410982
0,0
0.375804,0.326367
0.289174,0.272565
0.269583,0.0951192
0.265418,0.0860517
0.375804,0.326367
0.289174,0.272565
0.0040351,0.00350429
0,0
0.375804,0.326367
0.289174,0.272565
0.0040351,0.00350429
0,0
0.375804,0.326367
0.289174,0.272565
0.269583,0.0951192
0.265418,0.0860517
0.375804,0.326367
0.289174,0.272565
0.0040351,0.00350429
0,0
0.375804,0.326367
0.289174,0.272565
0.0040351,0.00350429
0,0
0.369381,0.319922
0.273954,0.223941
0.254534,0.0960564
0.249973,0.087165
0.369381,0.319922
0.273954,0.223941
0.0040426,0.0035013
0,0
0.369381,0.319922
0.273954,0.223941
0.0040426,0.0035013
0,0
0.369381,0.319922
0.273954,0.223941
0.254534,0.0960564
0.249973,0.087165
0.369381,0.319922
0.273954,0.223941
0.0040426,0.0035013
0,0
0.369381,0.319922
0.273954,0.223941
0.0040426,0.0035013
0,0
0.189727,0.34969
0.213384,0.410686
0.245169,0.0962629
0.247301,0.0865188
0.189727,0.34969
0.213384,0.410686
0.00223931,0.00412731
0,0
0.189727,0.34969
0.213384,0.410686
0.00223931,0.00412731
0,0
0.189727,0.34969
0.213384,0.410686
0.245169,0.0962629
0.247301,0.0865188
0.189727,0.34969
0.213384,0.410686
0.00223931,0.00412731
0,0
0.189727,0.34969
0.213384,0.410686
0.00223931,0.00412731
0,0
0.190946,0.354505
0.206564,0.416226
0.245281,0.0960224
0.247337,0.086244
0.190946,0.354505
0.206564,0.416226
0.00221954,0.00412074
0,0
0.190946,0.354505
0.206564,0.416226
0.00221954,0.00412074
0,0
0.190946,0.354505
0.206564,0.416226
0.245281,0.0960224
0.247337,0.086244
0.190946,0.354505
0.206564,0.416226
0.00221954,0.00412074
0,0
0.190946,0.354505
0.206564,0.416226
0.00221954,0.00412074
0,0
0.19044,0.35248
0.18289,0.322253
0.246276,0.0945556
0.248389,0.0847961
0.19044,0.35248
0.18289,0.322253
0.00218584,0.0040457
0,0
0.19044,0.35248
0.18289,0.322253
0.00218584,0.0040457
0,0
0.19044,0.35248
0.18289,0.322253
0.246276,0.0945556
0.248389,0.0847961
0.19044,0.35248
0.18289,0.322253
0.00218584,0.0040457
0,0
0.19044,0.35248
0.18289,0.322253
0.00218584,0.0040457
0,0
0.189024,0.351749
0.167566,0.340683
0.248447,0.0921587
0.25067,0.0824482
0.189024,0.351749
0.167566,0.340683
0.00214,0.00398226
0,0
0.189024,0.351749
0.167566,0.340683
0.00214,0.00398226
0,0
0.189024,0.351749
0.167566,0.340683
0.248447,0.0921587
0.25067,0.0824482
0.189024,0.351749
0.167566,0.340683
0.00214,0.00398226
0,0
0.189024,0.351749
0.167566,0.340683
0.00214,0.00398226
0,0
0.369655,0.327114
0.366419,0.353595
0.257729,0.0895026
0.253476,0.080473
0.369655,0.327114
0.366419,0.353595
0.0038771,0.00343091
0,0
0.369655,0.327114
0.366419,0.353595
0.0038771,0.00343091
0,0
0.188387,0.352407
0.178891,0.362228
0.251158,0.0901546
0.253476,0.080473
0.188387,0.352407
0.178891,0.362228
0.00209438,0.00391785
0,0
0.188387,0.352407
0.178891,0.362228
0.00209438,0.00391785
0,0
0.369655,0.327114
0.366419,0.353595
0.257729,0.0895026
0.253476,0.080473
0.369655,0.327114
0.366419,0.353595
0.0038771,0.00343091
0,0
0.369655,0.327114
0.366419,0.353595
0.0038771,0.00343091
0,0
0.188387,0.352407
0.178891,0.362228
0.251158,0.0901546
0.253476,0.080473
0.188387,0.352407
0.178891,0.362228
0.00209438,0.00391785
0,0
0.188387,0.352407
0.178891,0.362228
0.00209438,0.00391785
0,0
0.189316,0.348765
0.200643,0.304351
0.25468,0.0899213
0.257098,0.0803464
0.189316,0.348765
0.200643,0.304351
0.00207864,0.00382935
0,0
0.189316,0.348765
0.200643,0.304351
0.00207864,0.00382935
0,0
0.189316,0.348765
0.200643,0.304351
0.25468,0.0899213
0.257098,0.0803464
0.189316,0.348765
0.200643,0.304351
0.00207864,0.00382935
0,0
0.189316,0.348765
0.200643,0.304351
0.00207864,0.00382935
0,0
0.378521,0.331198
0.484304,0.406048
0.264624,0.0887053
0.260396,0.0797036
0.378521,0.331198
0.484304,0.406048
0.00382242,0.00334454
0,0
0.378521,0.331198
0.484304,0.406048
0.00382242,0.00334454
0,0
0.188965,0.351853
0.183384,0.400872
0.25788,0.0892883
0.260396,0.0797036
0.188965,0.351853
0.183384,0.400872
0.00202358,0.00376793
0,0
0.188965,0.351853
0.183384,0.400872
0.00202358,0.00376793
0,0
0.378521,0.331198
0.484304,0.406048
0.264624,0.0887053
0.260396,0.0797036
0.378521,0.331198
0.484304,0.406048
0.00382242,0.00334454
0,0
0.378521,0.331198
0.484304,0.406048
0.00382242,0.00334454
0,0
0.188965,0.351853
0.183384,0.400872
0.25788,0.0892883
0.260396,0.0797036
0.188965,0.351853
0.183384,0.400872
0.00202358,0.00376793
0,0
0.188965,0.351853
0.183384,0.400872
0.00202358,0.00376793
0,0
0.384396,0.335721
0.476187,0.406388
0.271212,0.085636
0.267117,0.0765888
0.384396,0.335721
0.476187,0.406388
0.00378701,0.00330747
0,0
0.384396,0.335721
0.476187,0.406388
0.00378701,0.00330747
0,0
0.190376,0.350638
0.21243,0.331643
0.264448,0.0861211
0.267117,0.0765888
0.190376,0.350638
0.21243,0.331643
0.00198845,0.00366236
0,0
0.190376,0.350638
0.21243,0.331643
0.00198845,0.00366236
0,0
0.384396,0.335721
0.476187,0.406388
0.271212,0.085636
0.267117,0.0765888
0.384396,0.335721
0.476187,0.406388
0.00378701,0.00330747
0,0
0.384396,0.335721
0.476187,0.406388
0.00378701,0.00330747
0,0
0.190376,0.350638
0.21243,0.331643
0.264448,0.0861211
0.267117,0.0765888
0.190376,0.350638
0.21243,0.331643
0.00198845,0.00366236
0,0
0.190376,0.350638
0.21243,0.331643
0.00198845,0.00366236
0,0
0.344477,0.351255
-0.309925,0.605902
0.275055,0.0851566
0.272573,0.0756426
0.344477,0.351255
-0.309925,0.605902
0.00314574,0.00320764
0,0
0.344477,0.351255
-0.309925,0.605902
0.00314574,0.00320764
0,0
0.194435,0.35181
0.260978,0.371019
0.269863,0.0852214
0.272573,0.0756426
0.194435,0.35181
0.260978,0.371019
0.00197595,0.00357526
0,0
0.194435,0.35181
0.260978,0.371019
0.00197595,0.00357526
0,0
0.344477,0.351255
-0.309925,0.605902
0.275055,0.0851566
0.272573,0.0756426
0.344477,0.351255
-0.309925,0.605902
0.00314574,0.00320764
0,0
0.344477,0.351255
-0.309925,0.605902
0.00314574,0.00320764
0,0
0.194435,0.35181
0.260978,0.371019
0.269863,0.0852214
0.272573,0.0756426
0.194435,0.35181
0.260978,0.371019
0.00197595,0.00357526
0,0
0.194435,0.35181
0.260978,0.371019
0.00197595,0.00357526
0,0
0.351577,0.349189
0.453012,0.319682
0.283099,0.0811403
0.280647,0.0715432
0.351577,0.349189
0.453012,0.319682
0.00317325,0.00315169
0,0
0.351577,0.349189
0.453012,0.319682
0.00317325,0.00315169
0,0
0.198316,0.350599
0.25375,0.333299
0.27782,0.0811254
0.280647,0.0715432
0.198316,0.350599
0.25375,0.333299
0.00194169,0.00343268
0,0
0.198316,0.350599
0.25375,0.333299
0.00194169,0.00343268
0,0
0.351577,0.349189
0.453012,0.319682
0.283099,0.0811403
0.280647,0.0715432
0.351577,0.349189
0.453012,0.319682
0.00317325,0.00315169
0,0
0.351577,0.349189
0.453012,0.319682
0.00317325,0.00315169
0,0
0.198316,0.350599
0.25375,0.333299
0.27782,0.0811254
0.280647,0.0715432
0.198316,0.350599
0.25375,0.333299
0.00194169,0.00343268
0,0
0.198316,0.350599
0.25375,0.333299
0.00194169,0.00343268
0,0
0.409946,0.338505
1.25586,0.183664
0.290055,0.0783374
0.285877,0.0692699
0.409946,0.338505
1.25586,0.183664
0.003657,0.0030197
0,0
0.409946,0.338505
1.25586,0.183664
0.003657,0.0030197
0,0
0.204294,0.3478
0.290933,0.307237
0.283066,0.0788667
0.285877,0.0692699
0.204294,0.3478
0.290933,0.307237
0.00194673,0.0033142
0,0
0.204294,0.3478
0.290933,0.307237
0.00194673,0.0033142
0,0
0.409946,0.338505
1.25586,0.183664
0.290055,0.0783374
0.285877,0.0692699
0.409946,0.338505
1.25586,0.183664
0.003657,0.0030197
0,0
0.409946,0.338505
1.25586,0.183664
0.003657,0.0030197
0,0
0.204294,0.3478
0.290933,0.307237
0.283066,0.0788667
0.285877,0.0692699
0.204294,0.3478
0.290933,0.307237
0.00194673,0.0033142
0,0
0.204294,0.3478
0.290933,0.307237
0.00194673,0.0033142
0,0
0.41869,0.33764
0.574836,0.32219
0.295924,0.0735423
0.29172,0.0644988
0.41869,0.33764
0.574836,0.32219
0.00361026,0.00291138
0,0
0.41869,0.33764
0.574836,0.32219
0.00361026,0.00291138
0,0
0.210101,0.346264
0.313808,0.318849
0.288938,0.0741016
0.29172,0.0644988
0.210101,0.346264
0.313808,0.318849
0.0019496,0.00321311
0,0
0.210101,0.346264
0.313808,0.318849
0.0019496,0.00321311
0,0
0.41869,0.33764
0.574836,0.32219
0.295924,0.0735423
0.29172,0.0644988
0.41869,0.33764
0.574836,0.32219
0.00361026,0.00291138
0,0
0.41869,0.33764
0.574836,0.32219
0.00361026,0.00291138
0,0
0.210101,0.346264
0.313808,0.318849
0.288938,0.0741016
0.29172,0.0644988
0.210101,0.346264
0.313808,0.318849
0.0019496,0.00321311
0,0
0.210101,0.346264
0.313808,0.318849
0.0019496,0.00321311
0,0
0.417508,0.319591
0.402347,0.0882016
0.299128,0.0715621
0.294821,0.0625383
0.417508,0.319591
0.402347,0.0882016
0.00364357,0.00278906
0,0
0.417508,0.319591
0.402347,0.0882016
0.00364357,0.00278906
0,0
0.213867,0.344678
0.261535,0.324596
0.292063,0.0721484
0.294821,0.0625383
0.213867,0.344678
0.261535,0.324596
0.00195458,0.00315009
0,0
0.213867,0.344678
0.261535,0.324596
0.00195458,0.00315009
0,0
0.417508,0.319591
0.402347,0.0882016
0.299128,0.0715621
0.294821,0.0625383
0.417508,0.319591
0.402347,0.0882016
0.00364357,0.00278906
0,0
0.417508,0.319591
0.402347,0.0882016
0.00364357,0.00278906
0,0
0.213867,0.344678
0.261535,0.324596
0.292063,0.0721484
0.294821,0.0625383
0.213867,0.344678
0.261535,0.324596
0.00195458,0.00315009
0,0
0.213867,0.344678
0.261535,0.324596
0.00195458,0.00315009
0,0
0.433728,0.333074
0.652921,0.515271
0.3064,0.0663372
0.302126,0.0573841
0.433728,0.333074
0.652921,0.515271
0.00354079,0.00271909
0,0
0.433728,0.333074
0.652921,0.515271
0.00354079,0.00271909
0,0
0.218695,0.346711
0.284838,0.374563
0.299355,0.0669917
0.302126,0.0573841
0.218695,0.346711
0.284838,0.374563
0.00192184,0.0030468
0,0
0.218695,0.346711
0.284838,0.374563
0.00192184,0.0030468
0,0
0.433728,0.333074
0.652921,0.515271
0.3064,0.0663372
0.302126,0.0573841
0.433728,0.333074
0.652921,0.515271
0.00354079,0.00271909
0,0
0.433728,0.333074
0.652921,0.515271
0.00354079,0.00271909
0,0
0.218695,0.346711
0.284838,0.374563
0.299355,0.0669917
0.302126,0.0573841
0.218695,0.346711
0.284838,0.374563
0.00192184,0.0030468
0,0
0.218695,0.346711
0.284838,0.374563
0.00192184,0.0030468
0,0
0.437568,0.330735
0.501577,0.291753
0.309595,0.0631292
0.305325,0.0541985
0.437568,0.330735
0.501577,0.291753
0.00350448,0.00264885
0,0
0.437568,0.330735
0.501577,0.291753
0.00350448,0.00264885
0,0
0.219291,0.344082
0.229215,0.300266
0.302479,0.0637852
0.305325,0.0541985
0.219291,0.344082
0.229215,0.300266
0.00190349,0.00298671
0,0
0.219291,0.344082
0.229215,0.300266
0.00190349,0.00298671
0,0
0.437568,0.330735
0.501577,0.291753
0.309595,0.0631292
0.305325,0.0541985
0.437568,0.330735
0.501577,0.291753
0.00350448,0.00264885
0,0
0.437568,0.330735
0.501577,0.291753
0.00350448,0.00264885
0,0
0.219291,0.344082
0.229215,0.300266
0.302479,0.0637852
0.305325,0.0541985
0.219291,0.344082
0.229215,0.300266
0.00190349,0.00298671
0,0
0.219291,0.344082
0.229215,0.300266
0.00190349,0.00298671
0,0
0.439784,0.33153
0.482397,0.346819
0.311635,0.0596717
0.307416,0.0507213
0.439784,0.33153
0.482397,0.346819
0.00346625,0.00261302
0,0
0.439784,0.33153
0.482397,0.346819
0.00346625,0.00261302
0,0
0.222537,0.346403
0.284956,0.391037
0.304658,0.0603317
0.307416,0.0507213
0.222537,0.346403
0.284956,0.391037
0.00190633,0.00296741
0,0
0.222537,0.346403
0.284956,0.391037
0.00190633,0.00296741
0,0
0.439784,0.33153
0.482397,0.346819
0.311635,0.0596717
0.307416,0.0507213
0.439784,0.33153
0.482397,0.346819
0.00346625,0.00261302
0,0
0.439784,0.33153
0.482397,0.346819
0.00346625,0.00261302
0,0
0.222537,0.346403
0.284956,0.391037
0.304658,0.0603317
0.307416,0.0507213
0.222537,0.346403
0.284956,0.391037
0.00190633,0.00296741
0,0
0.222537,0.346403
0.284956,0.391037
0.00190633,0.00296741
0,0
0.441438,0.339338
0.463197,0.442074
0.312633,0.05836
0.308524,0.0493956
0.441438,0.339338
0.463197,0.442074
0.00342595,0.00263357
0,0
0.441438,0.339338
0.463197,0.442074
0.00342595,0.00263357
0,0
0.441438,0.339338
0.463197,0.442074
0.312633,0.05836
0.308524,0.0493956
0.441438,0.339338
0.463197,0.442074
0.00342595,0.00263357
0,0
0.441438,0.339338
0.463197,0.442074
0.00342595,0.00263357
0,0
0.438831,0.340494
0.389648,0.362315
0.314182,0.0558221
0.310208,0.0467463
0.438831,0.340494
0.389648,0.362315
0.00338638,0.00262753
0,0
0.438831,0.340494
0.389648,0.362315
0.00338638,0.00262753
0,0
0.21906,0.347499
0.152824,0.38939
0.30731,0.0563087
0.310208,0.0467463
0.21906,0.347499
0.152824,0.38939
0.00184465,0.0029262
0,0
0.21906,0.347499
0.152824,0.38939
0.00184465,0.0029262
0,0
0.438831,0.340494
0.389648,0.362315
0.314182,0.0558221
0.310208,0.0467463
0.438831,0.340494
0.389648,0.362315
0.00338638,0.00262753
0,0
0.438831,0.340494
0.389648,0.362315
0.00338638,0.00262753
0,0
0.21906,0.347499
0.152824,0.38939
0.30731,0.0563087
0.310208,0.0467463
0.21906,0.347499
0.152824,0.38939
0.00184465,0.0029262
0,0
0.21906,0.347499
0.152824,0.38939
0.00184465,0.0029262
0,0
0.208528,0.348564
0.0134993,0.368286
0.306727,0.0508276
0.309855,0.0413437
0.208528,0.348564
0.0134993,0.368286
0.00173907,0.00290693
0,0
0.208528,0.348564
0.0134993,0.368286
0.00173907,0.00290693
0,0
0.208528,0.348564
0.0134993,0.368286
0.306727,0.0508276
0.309855,0.0413437
0.208528,0.348564
0.0134993,0.368286
0.00173907,0.00290693
0,0
0.208528,0.348564
0.0134993,0.368286
0.00173907,0.00290693
0,0
0.43228,0.33735
0.362296,0.343129
0.310754,0.0458263
0.30691,0.0366046
0.43228,0.33735
0.362296,0.343129
0.00333374,0.00260164
0,0
0.43228,0.33735
0.362296,0.343129
0.00333374,0.00260164
0,0
0.206965,0.352827
0.176308,0.436424
0.303897,0.0461356
0.30691,0.0366046
0.206965,0.352827
0.176308,0.436424
0.0016937,0.00288737
0,0
0.206965,0.352827
0.176308,0.436424
0.0016937,0.00288737
0,0
0.43228,0.33735
0.362296,0.343129
0.310754,0.0458263
0.30691,0.0366046
0.43228,0.33735
0.362296,0.343129
0.00333374,0.00260164
0,0
0.43228,0.33735
0.362296,0.343129
0.00333374,0.00260164
0,0
0.206965,0.352827
0.176308,0.436424
0.303897,0.0461356
0.30691,0.0366046
0.206965,0.352827
0.176308,0.436424
0.0016937,0.00288737
0,0
0.206965,0.352827
0.176308,0.436424
0.0016937,0.00288737
0,0
0.426057,0.339025
0.32882,0.365201
0.305171,0.0449833
0.301369,0.035735
0.426057,0.339025
0.32882,0.365201
0.0032727,0.00260418
0,0
0.426057,0.339025
0.32882,0.365201
0.0032727,0.00260418
0,0
0.196194,0.357279
0.0278981,0.426834
0.298261,0.0452363
0.301369,0.035735
0.196194,0.357279
0.0278981,0.426834
0.00156255,0.00284549
0,0
0.196194,0.357279
0.0278981,0.426834
0.00156255,0.00284549
0,0
0.426057,0.339025
0.32882,0.365201
0.305171,0.0449833
0.301369,0.035735
0.426057,0.339025
0.32882,0.365201
0.0032727,0.00260418
0,0
0.426057,0.339025
0.32882,0.365201
0.0032727,0.00260418
0,0
0.196194,0.357279
0.0278981,0.426834
0.298261,0.0452363
0.301369,0.035735
0.196194,0.357279
0.0278981,0.426834
0.00156255,0.00284549
0,0
0.196194,0.357279
0.0278981,0.426834
0.00156255,0.00284549
0,0
0.192624,0.356654
0.132113,0.346074
0.29471,0.0444392
0.297816,0.0349396
0.192624,0.356654
0.132113,0.346074
0.00152333,0.00282054
0,0
0.192624,0.356654
0.132113,0.346074
0.00152333,0.00282054
0,0
0.192624,0.356654
0.132113,0.346074
0.29471,0.0444392
0.297816,0.0349396
0.192624,0.356654
0.132113,0.346074
0.00152333,0.00282054
0,0
0.192624,0.356654
0.132113,0.346074
0.00152333,0.00282054
0,0
0.418563,0.34218
0.331063,0.395422
0.29694,0.0450275
0.29316,0.0357914
0.418563,0.34218
0.331063,0.395422
0.0031539,0.00257835
0,0
0.418563,0.34218
0.331063,0.395422
0.0031539,0.00257835
0,0
0.170141,0.361564
-0.217483,0.446212
0.289654,0.0450765
0.29316,0.0357914
0.170141,0.361564
-0.217483,0.446212
0.00131191,0.00278792
0,0
0.170141,0.361564
-0.217483,0.446212
0.00131191,0.00278792
0,0
0.418563,0.34218
0.331063,0.395422
0.29694,0.0450275
0.29316,0.0357914
0.418563,0.34218
0.331063,0.395422
0.0031539,0.00257835
0,0
0.418563,0.34218
0.331063,0.395422
0.0031539,0.00257835
0,0
0.170141,0.361564
-0.217483,0.446212
0.289654,0.0450765
0.29316,0.0357914
0.170141,0.361564
-0.217483,0.446212
0.00131191,0.00278792
0,0
0.170141,0.361564
-0.217483,0.446212
0.00131191,0.00278792
0,0
0.411864,0.339513
0.333056,0.308134
0.284893,0.0353438
0.281042,0.0261197
0.411864,0.339513
0.333056,0.308134
0.00308745,0.00254508
0,0
0.411864,0.339513
0.333056,0.308134
0.00308745,0.00254508
0,0
0.166606,0.362171
0.125018,0.369306
0.277841,0.0355207
0.281042,0.0261197
0.166606,0.362171
0.125018,0.369306
0.00126591,0.00275186
0,0
0.166606,0.362171
0.125018,0.369306
0.00126591,0.00275186
0,0
0.411864,0.339513
0.333056,0.308134
0.284893,0.0353438
0.281042,0.0261197
0.411864,0.339513
0.333056,0.308134
0.00308745,0.00254508
0,0
0.411864,0.339513
0.333056,0.308134
0.00308745,0.00254508
0,0
0.166606,0.362171
0.125018,0.369306
0.277841,0.0355207
0.281042,0.0261197
0.166606,0.362171
0.125018,0.369306
0.00126591,0.00275186
0,0
0.166606,0.362171
0.125018,0.369306
0.00126591,0.00275186
0,0
0.402506,0.33718
0.277729,0.306082
0.277031,0.0326842
0.273234,0.0234688
0.402506,0.33718
0.277729,0.306082
0.00296546,0.00248417
0,0
0.402506,0.33718
0.277729,0.306082
0.00296546,0.00248417
0,0
0.132951,0.370198
-0.315782,0.477237
0.269667,0.0322842
0.273234,0.0234688
0.132951,0.370198
-0.315782,0.477237
0.000948281,0.00264046
0,0
0.132951,0.370198
-0.315782,0.477237
0.000948281,0.00264046
0,0
0.402506,0.33718
0.277729,0.306082
0.277031,0.0326842
0.273234,0.0234688
0.402506,0.33718
0.277729,0.306082
0.00296546,0.00248417
0,0
0.402506,0.33718
0.277729,0.306082
0.00296546,0.00248417
0,0
0.132951,0.370198
-0.315782,0.477237
0.269667,0.0322842
0.273234,0.0234688
0.132951,0.370198
-0.315782,0.477237
0.000948281,0.00264046
0,0
0.132951,0.370198
-0.315782,0.477237
0.000948281,0.00264046
0,0
0.398791,0.341425
0.345728,0.402068
0.262283,0.0323094
0.258267,0.0232153
0.398791,0.341425
0.345728,0.402068
0.00288601,0.00247085
0,0
0.398791,0.341425
0.345728,0.402068
0.00288601,0.00247085
0,0
0.12326,0.370013
-0.015186,0.367362
0.254872,0.0319349
0.258267,0.0232153
0.12326,0.370013
-0.015186,0.367362
0.00085913,0.00257901
0,0
0.12326,0.370013
-0.015186,0.367362
0.00085913,0.00257901
0,0
0.398791,0.341425
0.345728,0.402068
0.262283,0.0323094
0.258267,0.0232153
0.398791,0.341425
0.345728,0.402068
0.00288601,0.00247085
0,0
0.398791,0.341425
0.345728,0.402068
0.00288601,0.00247085
0,0
0.12326,0.370013
-0.015186,0.367362
0.254872,0.0319349
0.258267,0.0232153
0.12326,0.370013
-0.015186,0.367362
0.00085913,0.00257901
0,0
0.12326,0.370013
-0.015186,0.367362
0.00085913,0.00257901
0,0
0.393939,0.337665
0.316913,0.277975
0.254866,0.0290966
0.25076,0.0199878
0.393939,0.337665
0.316913,0.277975
0.00283953,0.0024339
0,0
0.393939,0.337665
0.316913,0.277975
0.00283953,0.0024339
0,0
0.102835,0.402782
-0.221368,0.922929
0.247438,0.0285844
0.25076,0.0199878
0.102835,0.402782
-0.221368,0.922929
0.000683983,0.002679
0,0
0.102835,0.402782
-0.221368,0.922929
0.000683983,0.002679
0,0
0.393939,0.337665
0.316913,0.277975
0.254866,0.0290966
0.25076,0.0199878
0.393939,0.337665
0.316913,0.277975
0.00283953,0.0024339
0,0
0.393939,0.337665
0.316913,0.277975
0.00283953,0.0024339
0,0
0.102835,0.402782
-0.221368,0.922929
0.247438,0.0285844
0.25076,0.0199878
0.102835,0.402782
-0.221368,0.922929
0.000683983,0.002679
0,0
0.102835,0.402782
-0.221368,0.922929
0.000683983,0.002679
0,0
0.389351,0.335589
0.319841,0.304138
0.252895,0.0286057
0.248843,0.0194884
0.389351,0.335589
0.319841,0.304138
0.00276525,0.00238342
0,0
0.389351,0.335589
0.319841,0.304138
0.00276525,0.00238342
0,0
0.100678,0.370255
0.0684838,-0.115228
0.245274,0.0279363
0.248843,0.0194884
0.100678,0.370255
0.0684838,-0.115228
0.000669891,0.00246359
0,0
0.100678,0.370255
0.0684838,-0.115228
0.000669891,0.00246359
0,0
0.389351,0.335589
0.319841,0.304138
0.252895,0.0286057
0.248843,0.0194884
0.389351,0.335589
0.319841,0.304138
0.00276525,0.00238342
0,0
0.389351,0.335589
0.319841,0.304138
0.00276525,0.00238342
0,0
0.100678,0.370255
0.0684838,-0.115228
0.245274,0.0279363
0.248843,0.0194884
0.100678,0.370255
0.0684838,-0.115228
0.000669891,0.00246359
0,0
0.100678,0.370255
0.0684838,-0.115228
0.000669891,0.00246359
0,0
0.383241,0.32958
0.267955,0.216204
0.248853,0.0270501
0.244801,0.0179285
0.383241,0.32958
0.267955,0.216204
0.00271366,0.0023337
0,0
0.383241,0.32958
0.267955,0.216204
0.00271366,0.0023337
0,0
0.0968948,0.37242
0.024135,0.414066
0.241301,0.0263164
0.244801,0.0179285
0.0968948,0.37242
0.024135,0.414066
0.000636058,0.00244472
0,0
0.0968948,0.37242
0.024135,0.414066
0.000636058,0.00244472
0,0
0.383241,0.32958
0.267955,0.216204
0.248853,0.0270501
0.244801,0.0179285
0.383241,0.32958
0.267955,0.216204
0.00271366,0.0023337
0,0
0.383241,0.32958
0.267955,0.216204
0.00271366,0.0023337
0,0
0.0968948,0.37242
0.024135,0.414066
0.241301,0.0263164
0.244801,0.0179285
0.0968948,0.37242
0.024135,0.414066
0.000636058,0.00244472
0,0
0.0968948,0.37242
0.024135,0.414066
0.000636058,0.00244472
0,0
0.382768,0.331473
0.374015,0.366519
0.240798,0.0231269
0.236629,0.0140721
0.382768,0.331473
0.374015,0.366519
0.00268241,0.00232294
0,0
0.382768,0.331473
0.374015,0.366519
0.00268241,0.00232294
0,0
0.0923316,0.378969
0.0078277,0.500239
0.233308,0.0224696
0.236629,0.0140721
0.0923316,0.378969
0.0078277,0.500239
0.000598378,0.002456
0,0
0.0923316,0.378969
0.0078277,0.500239
0.000598378,0.002456
0,0
0.382768,0.331473
0.374015,0.366519
0.240798,0.0231269
0.236629,0.0140721
0.382768,0.331473
0.374015,0.366519
0.00268241,0.00232294
0,0
0.382768,0.331473
0.374015,0.366519
0.00268241,0.00232294
0,0
0.0923316,0.378969
0.0078277,0.500239
0.233308,0.0224696
0.236629,0.0140721
0.0923316,0.378969
0.0078277,0.500239
0.000598378,0.002456
0,0
0.0923316,0.378969
0.0078277,0.500239
0.000598378,0.002456
0,0
0.38394,0.335106
0.400445,0.386278
0.235274,0.0225494
0.231005,0.0135733
0.38394,0.335106
0.400445,0.386278
0.00265759,0.00231957
0,0
0.38394,0.335106
0.400445,0.386278
0.00265759,0.00231957
0,0
0.0895243,0.383293
0.0499855,0.444196
0.227789,0.0219762
0.231005,0.0135733
0.0895243,0.383293
0.0499855,0.444196
0.000575638,0.00246456
0,0
0.0895243,0.383293
0.0499855,0.444196
0.000575638,0.00246456
0,0
0.38394,0.335106
0.400445,0.386278
0.235274,0.0225494
0.231005,0.0135733
0.38394,0.335106
0.400445,0.386278
0.00265759,0.00231957
0,0
0.38394,0.335106
0.400445,0.386278
0.00265759,0.00231957
0,0
0.0895243,0.383293
0.0499855,0.444196
0.227789,0.0219762
0.231005,0.0135733
0.0895243,0.383293
0.0499855,0.444196
0.000575638,0.00246456
0,0
0.0895243,0.383293
0.0499855,0.444196
0.000575638,0.00246456
0,0
0.371237,0.328953
0.291619,0.318429
0.229523,0.0232813
0.225327,0.0142307
0.371237,0.328953
0.291619,0.318429
0.00259866,0.00230268
0,0
0.371237,0.328953
0.291619,0.318429
0.00259866,0.00230268
0,0
0.0846618,0.39381
0.0407431,0.489253
0.222145,0.0228175
0.225327,0.0142307
0.0846618,0.39381
0.0407431,0.489253
0.000547428,0.0025464
0,0
0.0846618,0.39381
0.0407431,0.489253
0.000547428,0.0025464
0,0
0.371237,0.328953
0.291619,0.318429
0.229523,0.0232813
0.225327,0.0142307
0.371237,0.328953
0.291619,0.318429
0.00259866,0.00230268
0,0
0.371237,0.328953
0.291619,0.318429
0.00259866,0.00230268
0,0
0.0846618,0.39381
0.0407431,0.489253
0.222145,0.0228175
0.225327,0.0142307
0.0846618,0.39381
0.0407431,0.489253
0.000547428,0.0025464
0,0
0.0846618,0.39381
0.0407431,0.489253
0.000547428,0.0025464
0,0
0.370868,0.33126
0.365277,0.366219
0.225635,0.0243053
0.22136,0.0152707
0.370868,0.33126
0.365277,0.366219
0.00261343,0.00233432
0,0
0.370868,0.33126
0.365277,0.366219
0.00261343,0.00233432
0,0
0.0862587,0.390197
0.110454,0.335447
0.218176,0.0241067
0.22136,0.0152707
0.0862587,0.390197
0.110454,0.335447
0.000568596,0.00257208
0,0
0.0862587,0.390197
0.110454,0.335447
0.000568596,0.00257208
0,0
0.370868,0.33126
0.365277,0.366219
0.225635,0.0243053
0.22136,0.0152707
0.370868,0.33126
0.365277,0.366219
0.00261343,0.00233432
0,0
0.370868,0.33126
0.365277,0.366219
0.00261343,0.00233432
0,0
0.0862587,0.390197
0.110454,0.335447
0.218176,0.0241067
0.22136,0.0152707
0.0862587,0.390197
0.110454,0.335447
0.000568596,0.00257208
0,0
0.0862587,0.390197
0.110454,0.335447
0.000568596,0.00257208
0,0
0.369637,0.340162
0.351794,0.469176
0.223544,0.0237603
0.219353,0.0146826
0.369637,0.340162
0.351794,0.469176
0.00262481,0.00241551
0,0
0.369637,0.340162
0.351794,0.469176
0.00262481,0.00241551
0,0
0.0849067,0.394015
0.0653129,0.449351
0.216123,0.0237943
0.219353,0.0146826
0.0849067,0.394015
0.0653129,0.449351
0.000572218,0.00265542
0,0
0.0849067,0.394015
0.0653129,0.449351
0.000572218,0.00265542
0,0
0.369637,0.340162
0.351794,0.469176
0.223544,0.0237603
0.219353,0.0146826
0.369637,0.340162
0.351794,0.469176
0.00262481,0.00241551
0,0
0.369637,0.340162
0.351794,0.469176
0.00262481,0.00241551
0,0
0.0849067,0.394015
0.0653129,0.449351
0.216123,0.0237943
0.219353,0.0146826
0.0849067,0.394015
0.0653129,0.449351
0.000572218,0.00265542
0,0
0.0849067,0.394015
0.0653129,0.449351
0.000572218,0.00265542
0,0
0.366375,0.337477
0.316201,0.296172
0.220244,0.0208997
0.216064,0.0118445
0.366375,0.337477
0.316201,0.296172
0.00263083,0.00242332
0,0
0.366375,0.337477
0.316201,0.296172
0.00263083,0.00242332
0,0
0.366375,0.337477
0.316201,0.296172
0.220244,0.0208997
0.216064,0.0118445
0.366375,0.337477
0.316201,0.296172
0.00263083,0.00242332
0,0
0.366375,0.337477
0.316201,0.296172
0.00263083,0.00242332
0,0
0.347976,0.312916
0.0463409,-0.0897289
0.215342,0.0164512
0.211367,0.00756751
0.347976,0.312916
0.0463409,-0.0897289
0.00259697,0.00233531
0,0
0.347976,0.312916
0.0463409,-0.0897289
0.00259697,0.00233531
0,0
0.347976,0.312916
0.0463409,-0.0897289
0.215342,0.0164512
0.211367,0.00756751
0.347976,0.312916
0.0463409,-0.0897289
0.00259697,0.00233531
0,0
0.347976,0.312916
0.0463409,-0.0897289
0.00259697,0.00233531
0,0
0.362804,0.339772
0.609948,0.787377
0.215042,0.0190283
0.210875,0.0099825
0.362804,0.339772
0.609948,0.787377
0.00260564,0.00244023
0,0
0.362804,0.339772
0.609948,0.787377
0.00260564,0.00244023
0,0
0.0792547,0.395193
0.117965,0.315654
0.207688,0.0193097
0.210875,0.0099825
0.0792547,0.395193
0.117965,0.315654
0.000542906,0.00270713
0,0
0.0792547,0.395193
0.117965,0.315654
0.000542906,0.00270713
0,0
0.362804,0.339772
0.609948,0.787377
0.215042,0.0190283
0.210875,0.0099825
0.362804,0.339772
0.609948,0.787377
0.00260564,0.00244023
0,0
0.362804,0.339772
0.609948,0.787377
0.00260564,0.00244023
0,0
0.0792547,0.395193
0.117965,0.315654
0.207688,0.0193097
0.210875,0.0099825
0.0792547,0.395193
0.117965,0.315654
0.000542906,0.00270713
0,0
0.0792547,0.395193
0.117965,0.315654
0.000542906,0.00270713
0,0
0.36271,0.328955
0.361222,0.157259
0.215923,0.0208183
0.211638,0.0118242
0.36271,0.328955
0.361222,0.157259
0.00260775,0.00236506
0,0
0.36271,0.328955
0.361222,0.157259
0.00260775,0.00236506
0,0
0.0805056,0.394961
0.100361,0.39128
0.208426,0.0212105
0.211638,0.0118242
0.0805056,0.394961
0.100361,0.39128
0.000558617,0.00274058
0,0
0.0805056,0.394961
0.100361,0.39128
0.000558617,0.00274058
0,0
0.36271,0.328955
0.361222,0.157259
0.215923,0.0208183
0.211638,0.0118242
0.36271,0.328955
0.361222,0.157259
0.00260775,0.00236506
0,0
0.36271,0.328955
0.361222,0.157259
0.00260775,0.00236506
0,0
0.0805056,0.394961
0.100361,0.39128
0.208426,0.0212105
0.211638,0.0118242
0.0805056,0.394961
0.100361,0.39128
0.000558617,0.00274058
0,0
0.0805056,0.394961
0.100361,0.39128
0.000558617,0.00274058
0,0
0.368035,0.334978
0.461456,0.440633
0.21486,0.0204791
0.210482,0.0114898
0.368035,0.334978
0.461456,0.440633
0.00257336,0.00234221
0,0
0.368035,0.334978
0.461456,0.440633
0.00257336,0.00234221
0,0
0.0835248,0.390708
0.136494,0.3161
0.207314,0.0209547
0.210482,0.0114898
0.0835248,0.390708
0.136494,0.3161
0.000589307,0.00275663
0,0
0.0835248,0.390708
0.136494,0.3161
0.000589307,0.00275663
0,0
0.368035,0.334978
0.461456,0.440633
0.21486,0.0204791
0.210482,0.0114898
0.368035,0.334978
0.461456,0.440633
0.00257336,0.00234221
0,0
0.368035,0.334978
0.461456,0.440633
0.00257336,0.00234221
0,0
0.0835248,0.390708
0.136494,0.3161
0.207314,0.0209547
0.210482,0.0114898
0.0835248,0.390708
0.136494,0.3161
0.000589307,0.00275663
0,0
0.0835248,0.390708
0.136494,0.3161
0.000589307,0.00275663
0,0
0.370047,0.33103
0.408008,0.256551
0.212889,0.0188688
0.208405,0.00996279
0.370047,0.33103
0.408008,0.256551
0.00253804,0.00227044
0,0
0.370047,0.33103
0.408008,0.256551
0.00253804,0.00227044
0,0
0.0851966,0.388747
0.116739,0.351754
0.205312,0.0194714
0.208405,0.00996279
0.0851966,0.388747
0.116739,0.351754
0.00060568,0.00276368
0,0
0.0851966,0.388747
0.116739,0.351754
0.00060568,0.00276368
0,0
0.370047,0.33103
0.408008,0.256551
0.212889,0.0188688
0.208405,0.00996279
0.370047,0.33103
0.408008,0.256551
0.00253804,0.00227044
0,0
0.370047,0.33103
0.408008,0.256551
0.00253804,0.00227044
0,0
0.0851966,0.388747
0.116739,0.351754
0.205312,0.0194714
0.208405,0.00996279
0.0851966,0.388747
0.116739,0.351754
0.00060568,0.00276368
0,0
0.0851966,0.388747
0.116739,0.351754
0.00060568,0.00276368
0,0
0.372767,0.331324
0.418103,0.336218
0.211455,0.0166947
0.206923,0.00785409
0.372767,0.331324
0.418103,0.336218
0.00252525,0.0022445
0,0
0.372767,0.331324
0.418103,0.336218
0.00252525,0.0022445
0,0
0.372767,0.331324
0.418103,0.336218
0.211455,0.0166947
0.206923,0.00785409
0.372767,0.331324
0.418103,0.336218
0.00252525,0.0022445
0,0
0.372767,0.331324
0.418103,0.336218
0.00252525,0.0022445
0,0
0.358516,0.291872
0.139265,-0.315078
0.20917,0.0135118
0.204444,0.00470338
0.358516,0.291872
0.139265,-0.315078
0.00251164,0.00204475
0,0
0.358516,0.291872
0.139265,-0.315078
0.00251164,0.00204475
0,0
0.358516,0.291872
0.139265,-0.315078
0.20917,0.0135118
0.204444,0.00470338
0.358516,0.291872
0.139265,-0.315078
0.00251164,0.00204475
0,0
0.358516,0.291872
0.139265,-0.315078
0.00251164,0.00204475
0,0
0.382058,0.326652
0.761762,0.887618
0.210223,0.0139849
0.205577,0.00552965
0.382058,0.326652
0.761762,0.887618
0.00247754,0.00211825
0,0
0.382058,0.326652
0.761762,0.887618
0.00247754,0.00211825
0,0
0.382058,0.326652
0.761762,0.887618
0.210223,0.0139849
0.205577,0.00552965
0.382058,0.326652
0.761762,0.887618
0.00247754,0.00211825
0,0
0.382058,0.326652
0.761762,0.887618
0.00247754,0.00211825
0,0
0.370295,0.286486
0.21753,-0.235155
0.208536,0.0159251
0.203523,0.00754045
0.370295,0.286486
0.21753,-0.235155
0.00244255,0.00188973
0,0
0.370295,0.286486
0.21753,-0.235155
0.00244255,0.00188973
0,0
0.370295,0.286486
0.21753,-0.235155
0.208536,0.0159251
0.203523,0.00754045
0.370295,0.286486
0.21753,-0.235155
0.00244255,0.00188973
0,0
0.370295,0.286486
0.21753,-0.235155
0.00244255,0.00188973
0,0
0.404525,0.325872
1.05038,1.069
0.205624,0.0103791
0.200808,0.00274012
0.404525,0.325872
1.05038,1.069
0.00243024,0.00195771
0,0
0.404525,0.325872
1.05038,1.069
0.00243024,0.00195771
0,0
0.404525,0.325872
1.05038,1.069
0.205624,0.0103791
0.200808,0.00274012
0.404525,0.325872
1.05038,1.069
0.00243024,0.00195771
0,0
0.404525,0.325872
1.05038,1.069
0.00243024,0.00195771
0,0
0.41345,0.321778
0.529347,0.26862
0.202289,-0.00315602
0.197615,-0.010348
0.41345,0.321778
0.529347,0.26862
0.00238073,0.00185287
0,0
0.41345,0.321778
0.529347,0.26862
0.00238073,0.00185287
0,0
0.41345,0.321778
0.529347,0.26862
0.202289,-0.00315602
0.197615,-0.010348
0.41345,0.321778
0.529347,0.26862
0.00238073,0.00185287
0,0
0.41345,0.321778
0.529347,0.26862
0.00238073,0.00185287
0,0
0.3941,0.296243
0.0917593,-0.102754
0.202433,-0.0029711
0.197388,-0.0108458
0.3941,0.296243
0.0917593,-0.102754
0.00240096,0.00180479
0,0
0.3941,0.296243
0.0917593,-0.102754
0.00240096,0.00180479
0,0
0.093191,0.370537
0.048761,0.202879
0.194774,-0.00127845
0.197388,-0.0108458
0.093191,0.370537
0.048761,0.202879
0.000652311,0.00259366
0,0
0.093191,0.370537
0.048761,0.202879
0.000652311,0.00259366
0,0
0.3941,0.296243
0.0917593,-0.102754
0.202433,-0.0029711
0.197388,-0.0108458
0.3941,0.296243
0.0917593,-0.102754
0.00240096,0.00180479
0,0
0.3941,0.296243
0.0917593,-0.102754
0.00240096,0.00180479
0,0
0.093191,0.370537
0.048761,0.202879
0.194774,-0.00127845
0.197388,-0.0108458
0.093191,0.370537
0.048761,0.202879
0.000652311,0.00259366
0,0
0.093191,0.370537
0.048761,0.202879
0.000652311,0.00259366
0,0
0.391261,0.299979
0.348243,0.356588
0.201748,-0.00459375
0.196998,-0.0122277
0.391261,0.299979
0.348243,0.356588
0.00230999,0.00177107
0,0
0.391261,0.299979
0.348243,0.356588
0.00230999,0.00177107
0,0
0.100055,0.349698
0.204055,0.03396
0.194453,-0.00272546
0.196998,-0.0122277
0.100055,0.349698
0.204055,0.03396
0.000704447,0.00246208
0,0
0.100055,0.349698
0.204055,0.03396
0.000704447,0.00246208
0,0
0.391261,0.299979
0.348243,0.356588
0.201748,-0.00459375
0.196998,-0.0122277
0.391261,0.299979
0.348243,0.356588
0.00230999,0.00177107
0,0
0.391261,0.299979
0.348243,0.356588
0.00230999,0.00177107
0,0
0.100055,0.349698
0.204055,0.03396
0.194453,-0.00272546
0.196998,-0.0122277
0.100055,0.349698
0.204055,0.03396
0.000704447,0.00246208
0,0
0.100055,0.349698
0.204055,0.03396
0.000704447,0.00246208
0,0
0.390726,0.291115
0.382095,0.148148
0.204804,-0.0123721
0.200335,-0.019667
0.390726,0.291115
0.382095,0.148148
0.00224096,0.00166966
0,0
0.390726,0.291115
0.382095,0.148148
0.00224096,0.00166966
0,0
0.390726,0.291115
0.382095,0.148148
0.204804,-0.0123721
0.200335,-0.019667
0.390726,0.291115
0.382095,0.148148
0.00224096,0.00166966
0,0
0.390726,0.291115
0.382095,0.148148
0.00224096,0.00166966
0,0
0.361499,0.289145
-0.133871,0.255756
0.206144,-0.0184274
0.202267,-0.0261042
0.361499,0.289145
-0.133871,0.255756
0.00207544,0.00166004
0,0
0.361499,0.289145
-0.133871,0.255756
0.00207544,0.00166004
0,0
0.102879,0.349824
0.0913445,0.330483
0.199753,-0.0165958
0.202267,-0.0261042
0.102879,0.349824
0.0913445,0.330483
0.000712017,0.0024211
0,0
0.102879,0.349824
0.0913445,0.330483
0.000712017,0.0024211
0,0
0.361499,0.289145
-0.133871,0.255756
0.206144,-0.0184274
0.202267,-0.0261042
0.361499,0.289145
-0.133871,0.255756
0.00207544,0.00166004
0,0
0.361499,0.289145
-0.133871,0.255756
0.00207544,0.00166004
0,0
0.102879,0.349824
0.0913445,0.330483
0.199753,-0.0165958
0.202267,-0.0261042
0.102879,0.349824
0.0913445,0.330483
0.000712017,0.0024211
0,0
0.102879,0.349824
0.0913445,0.330483
0.000712017,0.0024211
0,0
0.216674,0.363723
-2.51586,1.77086
0.203822,-0.0218079
0.20351,-0.0311825
0.216674,0.363723
-2.51586,1.77086
0.00128674,0.00216
0,0
0.216674,0.363723
-2.51586,1.77086
0.00128674,0.00216
0,0
0.102149,0.353636
0.0883697,0.425563
0.201004,-0.0216672
0.20351,-0.0311825
0.102149,0.353636
0.0883697,0.425563
0.000700186,0.00242403
0,0
0.102149,0.353636
0.0883697,0.425563
0.000700186,0.00242403
0,0
0.216674,0.363723
-2.51586,1.77086
0.203822,-0.0218079
0.20351,-0.0311825
0.216674,0.363723
-2.51586,1.77086
0.00128674,0.00216
0,0
0.216674,0.363723
-2.51586,1.77086
0.00128674,0.00216
0,0
0.102149,0.353636
0.0883697,0.425563
0.201004,-0.0216672
0.20351,-0.0311825
0.102149,0.353636
0.0883697,0.425563
0.000700186,0.00242403
0,0
0.102149,0.353636
0.0883697,0.425563
0.000700186,0.00242403
0,0
0.209422,0.367936
0.0885552,0.438152
0.203864,-0.0256333
0.203732,-0.0349805
0.209422,0.367936
0.0885552,0.438152
0.00122688,0.00215552
0,0
0.209422,0.367936
0.0885552,0.438152
0.00122688,0.00215552
0,0
0.105639,0.349463
0.163813,0.279925
0.20131,-0.025488
0.203732,-0.0349805
0.105639,0.349463
0.163813,0.279925
0.000720846,0.00238462
0,0
0.105639,0.349463
0.163813,0.279925
0.000720846,0.00238462
0,0
0.209422,0.367936
0.0885552,0.438152
0.203864,-0.0256333
0.203732,-0.0349805
0.209422,0.367936
0.0885552,0.438152
0.00122688,0.00215552
0,0
0.209422,0.367936
0.0885552,0.438152
0.00122688,0.00215552
0,0
0.105639,0.349463
0.163813,0.279925
0.20131,-0.025488
0.203732,-0.0349805
0.105639,0.349463
0.163813,0.279925
0.000720846,0.00238462
0,0
0.105639,0.349463
0.163813,0.279925
0.000720846,0.00238462
0,0
0.106351,0.348936
0.11444,0.34294
0.201319,-0.0293725
0.20371,-0.0388967
0.106351,0.348936
0.11444,0.34294
0.00071652,0.00235089
0,0
0.106351,0.348936
0.11444,0.34294
0.00071652,0.00235089
0,0
0.106351,0.348936
0.11444,0.34294
0.201319,-0.0293725
0.20371,-0.0388967
0.106351,0.348936
0.11444,0.34294
0.00071652,0.00235089
0,0
0.106351,0.348936
0.11444,0.34294
0.00071652,0.00235089
0,0
0.22448,0.360511
0.467602,0.274985
0.203108,-0.0375918
0.202603,-0.0470127
0.22448,0.360511
0.467602,0.274985
0.00129587,0.00208115
0,0
0.22448,0.360511
0.467602,0.274985
0.00129587,0.00208115
0,0
0.0999953,0.331505
-0.0025145,0.0503675
0.200032,-0.0375308
0.202603,-0.0470127
0.0999953,0.331505
-0.0025145,0.0503675
0.00066579,0.00220723
0,0
0.0999953,0.331505
-0.0025145,0.0503675
0.00066579,0.00220723
0,0
0.22448,0.360511
0.467602,0.274985
0.203108,-0.0375918
0.202603,-0.0470127
0.22448,0.360511
0.467602,0.274985
0.00129587,0.00208115
0,0
0.22448,0.360511
0.467602,0.274985
0.00129587,0.00208115
0,0
0.0999953,0.331505
-0.0025145,0.0503675
0.200032,-0.0375308
0.202603,-0.0470127
0.0999953,0.331505
-0.0025145,0.0503675
0.00066579,0.00220723
0,0
0.0999953,0.331505
-0.0025145,0.0503675
0.00066579,0.00220723
0,0
0.246855,0.415151
0.632641,1.35723
0.205339,-0.0459378
0.204485,-0.0554246
0.246855,0.415151
0.632641,1.35723
0.00138957,0.00233692
0,0
0.246855,0.415151
0.632641,1.35723
0.00138957,0.00233692
0,0
0.0956176,0.295478
0.0214202,-0.315144
0.20167,-0.0463514
0.204485,-0.0554246
0.0956176,0.295478
0.0214202,-0.315144
0.000650055,0.00200881
0,0
0.0956176,0.295478
0.0214202,-0.315144
0.000650055,0.00200881
0,0
0.246855,0.415151
0.632641,1.35723
0.205339,-0.0459378
0.204485,-0.0554246
0.246855,0.415151
0.632641,1.35723
0.00138957,0.00233692
0,0
0.246855,0.415151
0.632641,1.35723
0.00138957,0.00233692
0,0
0.0956176,0.295478
0.0214202,-0.315144
0.20167,-0.0463514
0.204485,-0.0554246
0.0956176,0.295478
0.0214202,-0.315144
0.000650055,0.00200881
0,0
0.0956176,0.295478
0.0214202,-0.315144
0.000650055,0.00200881
0,0
0.260989,0.441818
0.517962,0.926676
0.208042,-0.0514098
0.207023,-0.0608937
0.260989,0.441818
0.517962,0.926676
0.00144724,0.00244998
0,0
0.260989,0.441818
0.517962,0.926676
0.00144724,0.00244998
0,0
0.0786987,0.297058
-0.234616,0.326304
0.203843,-0.0520221
0.207023,-0.0608937
0.0786987,0.297058
-0.234616,0.326304
0.000536368,0.00202459
0,0
0.0786987,0.297058
-0.234616,0.326304
0.000536368,0.00202459
0,0
0.260989,0.441818
0.517962,0.926676
0.208042,-0.0514098
0.207023,-0.0608937
0.260989,0.441818
0.517962,0.926676
0.00144724,0.00244998
0,0
0.260989,0.441818
0.517962,0.926676
0.00144724,0.00244998
0,0
0.0786987,0.297058
-0.234616,0.326304
0.203843,-0.0520221
0.207023,-0.0608937
0.0786987,0.297058
-0.234616,0.326304
0.000536368,0.00202459
0,0
0.0786987,0.297058
-0.234616,0.326304
0.000536368,0.00202459
0,0
0.233412,0.408418
-0.307321,-0.246496
0.209057,-0.0594405
0.208568,-0.0688441
0.233412,0.408418
-0.307321,-0.246496
0.00128735,0.00225257
0,0
0.233412,0.408418
-0.307321,-0.246496
0.00128735,0.00225257
0,0
0.0667362,0.286662
-0.167822,0.0828256
0.20511,-0.0601768
0.208568,-0.0688441
0.0667362,0.286662
-0.167822,0.0828256
0.000456264,0.00195986
0,0
0.0667362,0.286662
-0.167822,0.0828256
0.000456264,0.00195986
0,0
0.233412,0.408418
-0.307321,-0.246496
0.209057,-0.0594405
0.208568,-0.0688441
0.233412,0.408418
-0.307321,-0.246496
0.00128735,0.00225257
0,0
0.233412,0.408418
-0.307321,-0.246496
0.00128735,0.00225257
0,0
0.0667362,0.286662
-0.167822,0.0828256
0.20511,-0.0601768
0.208568,-0.0688441
0.0667362,0.286662
-0.167822,0.0828256
0.000456264,0.00195986
0,0
0.0667362,0.286662
-0.167822,0.0828256
0.000456264,0.00195986
0,0
0.17401,0.394679
-0.799796,0.16945
0.204548,-0.0688864
0.205152,-0.0780557
0.17401,0.394679
-0.799796,0.16945
0.000941651,0.0021358
0,0
0.17401,0.394679
-0.799796,0.16945
0.000941651,0.0021358
0,0
0.0525076,0.290096
-0.180747,0.346386
0.201592,-0.0694691
0.205152,-0.0780557
0.0525076,0.290096
-0.180747,0.346386
0.00035832,0.00197966
0,0
0.0525076,0.290096
-0.180747,0.346386
0.00035832,0.00197966
0,0
0.17401,0.394679
-0.799796,0.16945
0.204548,-0.0688864
0.205152,-0.0780557
0.17401,0.394679
-0.799796,0.16945
0.000941651,0.0021358
0,0
0.17401,0.394679
-0.799796,0.16945
0.000941651,0.0021358
0,0
0.0525076,0.290096
-0.180747,0.346386
0.201592,-0.0694691
0.205152,-0.0780557
0.0525076,0.290096
-0.180747,0.346386
0.00035832,0.00197966
0,0
0.0525076,0.290096
-0.180747,0.346386
0.00035832,0.00197966
0,0
0.190961,0.405014
0.452791,0.570778
0.204225,-0.0747337
0.204487,-0.0842229
0.190961,0.405014
0.452791,0.570778
0.00104251,0.00221108
0,0
0.190961,0.405014
0.452791,0.570778
0.00104251,0.00221108
0,0
0.200897,0.206743
3.36944,-1.56829
0.204371,-0.0748073
0.204487,-0.0842229
0.200897,0.206743
3.36944,-1.56829
0.00115318,0.00118674
0,0
0.200897,0.206743
3.36944,-1.56829
0.00115318,0.00118674
0,0
0.190961,0.405014
0.452791,0.570778
0.204225,-0.0747337
0.204487,-0.0842229
0.190961,0.405014
0.452791,0.570778
0.00104251,0.00221108
0,0
0.190961,0.405014
0.452791,0.570778
0.00104251,0.00221108
0,0
0.200897,0.206743
3.36944,-1.56829
0.204371,-0.0748073
0.204487,-0.0842229
0.200897,0.206743
3.36944,-1.56829
0.00115318,0.00118674
0,0
0.200897,0.206743
3.36944,-1.56829
0.00115318,0.00118674
0,0
0.325169,0.435954
2.45546,0.927071
0.208052,-0.0788848
0.205834,-0.0886357
0.325169,0.435954
2.45546,0.927071
0.00189929,0.00254637
0,0
0.325169,0.435954
2.45546,0.927071
0.00189929,0.00254637
0,0
0.257772,0.246001
1.16054,0.869146
0.207366,-0.078765
0.205834,-0.0886357
0.257772,0.246001
1.16054,0.869146
0.00153658,0.00146642
0,0
0.257772,0.246001
1.16054,0.869146
0.00153658,0.00146642
0,0
0.325169,0.435954
2.45546,0.927071
0.208052,-0.0788848
0.205834,-0.0886357
0.325169,0.435954
2.45546,0.927071
0.00189929,0.00254637
0,0
0.325169,0.435954
2.45546,0.927071
0.00189929,0.00254637
0,0
0.257772,0.246001
1.16054,0.869146
0.207366,-0.078765
0.205834,-0.0886357
0.257772,0.246001
1.16054,0.869146
0.00153658,0.00146642
0,0
0.257772,0.246001
1.16054,0.869146
0.00153658,0.00146642
0,0
0.307909,0.425521
0.042365,0.265012
0.207714,-0.0768724
0.205774,-0.0865996
0.307909,0.425521
0.042365,0.265012
0.00174447,0.00241081
0,0
0.307909,0.425521
0.042365,0.265012
0.00174447,0.00241081
0,0
0.209304,0.225551
-0.525057,-0.084291
0.205882,-0.0770845
0.205774,-0.0865996
0.209304,0.225551
-0.525057,-0.084291
0.00119856,0.0012916
0,0
0.209304,0.225551
-0.525057,-0.084291
0.00119856,0.0012916
0,0
0.307909,0.425521
0.042365,0.265012
0.207714,-0.0768724
0.205774,-0.0865996
0.307909,0.425521
0.042365,0.265012
0.00174447,0.00241081
0,0
0.307909,0.425521
0.042365,0.265012
0.00174447,0.00241081
0,0
0.209304,0.225551
-0.525057,-0.084291
0.205882,-0.0770845
0.205774,-0.0865996
0.209304,0.225551
-0.525057,-0.084291
0.00119856,0.0012916
0,0
0.209304,0.225551
-0.525057,-0.084291
0.00119856,0.0012916
0,0
0.327738,0.361431
0.647562,-0.672284
0.20413,-0.0718988
0.201567,-0.0808827
0.327738,0.361431
0.647562,-0.672284
0.00177544,0.00195796
0,0
0.327738,0.361431
0.647562,-0.672284
0.00177544,0.00195796
0,0
0.200559,0.306472
0.0571935,1.63305
0.201541,-0.0709145
0.201567,-0.0808827
0.200559,0.306472
0.0571935,1.63305
0.00119655,0.00182844
0,0
0.200559,0.306472
0.0571935,1.63305
0.00119655,0.00182844
0,0
0.327738,0.361431
0.647562,-0.672284
0.20413,-0.0718988
0.201567,-0.0808827
0.327738,0.361431
0.647562,-0.672284
0.00177544,0.00195796
0,0
0.327738,0.361431
0.647562,-0.672284
0.00177544,0.00195796
0,0
0.200559,0.306472
0.0571935,1.63305
0.201541,-0.0709145
0.201567,-0.0808827
0.200559,0.306472
0.0571935,1.63305
0.00119655,0.00182844
0,0
0.200559,0.306472
0.0571935,1.63305
0.00119655,0.00182844
0,0
0.267438,0.367168
-0.754597,0.464408
0.19522,-0.0509436
0.193681,-0.0598555
0.267438,0.367168
-0.754597,0.464408
0.00144329,0.00198151
0,0
0.267438,0.367168
-0.754597,0.464408
0.00144329,0.00198151
0,0
0.252098,0.284443
1.12564,-0.0889304
0.195353,-0.0499974
0.193681,-0.0598555
0.252098,0.284443
1.12564,-0.0889304
0.00153565,0.00173268
0,0
0.252098,0.284443
1.12564,-0.0889304
0.00153565,0.00173268
0,0
0.267438,0.367168
-0.754597,0.464408
0.19522,-0.0509436
0.193681,-0.0598555
0.267438,0.367168
-0.754597,0.464408
0.00144329,0.00198151
0,0
0.267438,0.367168
-0.754597,0.464408
0.00144329,0.00198151
0,0
0.252098,0.284443
1.12564,-0.0889304
0.195353,-0.0499974
0.193681,-0.0598555
0.252098,0.284443
1.12564,-0.0889304
0.00153565,0.00173268
0,0
0.252098,0.284443
1.12564,-0.0889304
0.00153565,0.00173268
0,0
0.292341,0.31503
0.729244,-0.599668
0.203255,-0.041145
0.200933,-0.0504271
0.292341,0.31503
0.729244,-0.599668
0.00165962,0.00178843
0,0
0.292341,0.31503
0.729244,-0.599668
0.00165962,0.00178843
0,0
0.0597375,0.367071
-3.315,1.81668
0.197864,-0.0413524
0.200933,-0.0504271
0.0597375,0.367071
-3.315,1.81668
0.00039604,0.00243356
0,0
0.0597375,0.367071
-3.315,1.81668
0.00039604,0.00243356
0,0
0.292341,0.31503
0.729244,-0.599668
0.203255,-0.041145
0.200933,-0.0504271
0.292341,0.31503
0.729244,-0.599668
0.00165962,0.00178843
0,0
0.292341,0.31503
0.729244,-0.599668
0.00165962,0.00178843
0,0
0.0597375,0.367071
-3.315,1.81668
0.197864,-0.0413524
0.200933,-0.0504271
0.0597375,0.367071
-3.315,1.81668
0.00039604,0.00243356
0,0
0.0597375,0.367071
-3.315,1.81668
0.00039604,0.00243356
0,0
0.281597,0.285869
0.152144,-0.0654682
0.190045,-0.0481357
0.187564,-0.0571896
0.281597,0.285869
0.152144,-0.0654682
0.00158663,0.0016107
0,0
0.281597,0.285869
0.152144,-0.0654682
0.00158663,0.0016107
0,0
0.122167,0.406769
0.874324,0.88505
0.18619,-0.0474452
0.187564,-0.0571896
0.122167,0.406769
0.874324,0.88505
0.00077707,0.00258735
0,0
0.122167,0.406769
0.874324,0.88505
0.00077707,0.00258735
0,0
0.281597,0.285869
0.152144,-0.0654682
0.190045,-0.0481357
0.187564,-0.0571896
0.281597,0.285869
0.152144,-0.0654682
0.00158663,0.0016107
0,0
0.281597,0.285869
0.152144,-0.0654682
0.00158663,0.0016107
0,0
0.122167,0.406769
0.874324,0.88505
0.18619,-0.0474452
0.187564,-0.0571896
0.122167,0.406769
0.874324,0.88505
0.00077707,0.00258735
0,0
0.122167,0.406769
0.874324,0.88505
0.00077707,0.00258735
0,0
0.262152,0.324063
-0.0566083,0.950187
0.1772,-0.0577816
0.175109,-0.067179
0.262152,0.324063
-0.0566083,0.950187
0.00147851,0.00182768
0,0
0.262152,0.324063
-0.0566083,0.950187
0.00147851,0.00182768
0,0
0.140311,0.386483
0.437767,0.0539298
0.174351,-0.0572917
0.175109,-0.067179
0.140311,0.386483
0.437767,0.0539298
0.000874163,0.00240785
0,0
0.140311,0.386483
0.437767,0.0539298
0.000874163,0.00240785
0,0
0.262152,0.324063
-0.0566083,0.950187
0.1772,-0.0577816
0.175109,-0.067179
0.262152,0.324063
-0.0566083,0.950187
0.00147851,0.00182768
0,0
0.262152,0.324063
-0.0566083,0.950187
0.00147851,0.00182768
0,0
0.140311,0.386483
0.437767,0.0539298
0.174351,-0.0572917
0.175109,-0.067179
0.140311,0.386483
0.437767,0.0539298
0.000874163,0.00240785
0,0
0.140311,0.386483
0.437767,0.0539298
0.000874163,0.00240785
0,0
