-0.21557,0.0683101,3.00049
-0.21557,0.0683101,3.00049
-0.215608,0.0645683,2.99625
-0.215608,0.0645683,2.99625
-0.207365,0.0654534,3.03027
-0.207365,0.0654534,3.03027
-0.194485,0.0778234,3.03299
-0.194485,0.0778234,3.03299
-0.180935,0.0715524,3.05524
-0.180935,0.0715524,3.05524
-0.170303,0.07296,3.03995
-0.170303,0.07296,3.03995
-0.169898,0.0914443,2.99085
-0.169898,0.0914443,2.99085
-0.157681,0.0708354,2.97277
-0.157681,0.0708354,2.97277
-0.154906,0.0643238,2.95718
-0.154906,0.0643238,2.95718
-0.155309,0.0627844,2.93806
-0.155309,0.0627844,2.93806
-0.158066,0.0668273,2.93684
-0.158066,0.0668273,2.93684
-0.161447,0.0657135,2.92722
-0.161447,0.0657135,2.92722
-0.164009,0.0666637,2.93099
-0.164009,0.0666637,2.93099
-0.163243,0.0622228,2.94252
-0.163243,0.0622228,2.94252
-0.164661,0.0640076,2.96496
-0.164661,0.0640076,2.96496
-0.165013,0.060773,2.96032
-0.165013,0.060773,2.96032
-0.164613,0.0607276,2.96566
-0.164613,0.0607276,2.96566
-0.167546,0.0592384,2.96814
-0.167546,0.0592384,2.96814
-0.168149,0.0640552,2.9656
-0.168149,0.0640552,2.9656
-0.164768,0.0680228,2.96343
-0.164768,0.0680228,2.96343
-0.167183,0.066075,2.95335
-0.167183,0.066075,2.95335
-0.167449,0.0681597,2.95094
-0.167449,0.0681597,2.95094
-0.17099,0.0665952,2.94186
-0.17099,0.0665952,2.94186
-0.172729,0.0701516,2.94773
-0.172729,0.0701516,2.94773
-0.174339,0.0657775,2.94429
-0.174339,0.0657775,2.94429
-0.172506,0.0681661,2.95642
-0.172506,0.0681661,2.95642
-0.169195,0.0662749,2.95279
-0.169195,0.0662749,2.95279
-0.167825,0.0665765,2.9488
-0.167825,0.0665765,2.9488
-0.163741,0.0676006,2.94769
-0.163741,0.0676006,2.94769
-0.166281,0.0699362,2.95238
-0.166281,0.0699362,2.95238
-0.168151,0.0677824,2.95355
-0.168151,0.0677824,2.95355
-0.165507,0.0736323,2.96298
-0.165507,0.0736323,2.96298
-0.165567,0.0718121,2.95612
-0.165567,0.0718121,2.95612
-0.165999,0.0667116,2.96183
-0.165999,0.0667116,2.96183
-0.166482,0.0627737,2.95549
-0.166482,0.0627737,2.95549
-0.165251,0.0621469,2.95277
-0.165251,0.0621469,2.95277
-0.165323,0.0636011,2.94882
-0.165323,0.0636011,2.94882
-0.165307,0.0662359,2.95187
-0.165307,0.0662359,2.95187
-0.165801,0.0694874,2.95987
-0.165801,0.0694874,2.95987
-0.163174,0.0670591,2.95047
-0.163174,0.0670591,2.95047
-0.164176,0.0675762,2.94059
-0.164176,0.0675762,2.94059
-0.164399,0.0619111,2.95147
-0.164399,0.0619111,2.95147
-0.164172,0.0643541,2.95407
-0.164172,0.0643541,2.95407
-0.165008,0.0633678,2.9572
-0.165008,0.0633678,2.9572
-0.165579,0.065512,2.9559
-0.165579,0.065512,2.9559
-0.167721,0.0662446,2.95951
-0.167721,0.0662446,2.95951
-0.16602,0.0643613,2.96017
-0.16602,0.0643613,2.96017
-0.164712,0.0659514,2.9563
-0.164712,0.0659514,2.9563
-0.166393,0.0705025,2.95673
-0.166393,0.0705025,2.95673
-0.166688,0.0679045,2.9635
-0.166688,0.0679045,2.9635
-0.165629,0.0644824,2.96199
-0.165629,0.0644824,2.96199
-0.16525,0.0698835,2.94834
-0.16525,0.0698835,2.94834
-0.165578,0.0664851,2.96641
-0.165578,0.0664851,2.96641
-0.167569,0.0662882,2.95297
-0.167569,0.0662882,2.95297
-0.162662,0.0641223,2.94603
-0.162662,0.0641223,2.94603
-0.163856,0.0656233,2.94677
-0.163856,0.0656233,2.94677
-0.161564,0.0716506,2.9423
-0.161564,0.0716506,2.9423
-0.166733,0.0668333,2.93559
-0.166733,0.0668333,2.93559
-0.162605,0.0653492,2.93664
-0.162605,0.0653492,2.93664
-0.161443,0.0614267,2.93136
-0.161443,0.0614267,2.93136
-0.162115,0.0638701,2.93349
-0.162115,0.0638701,2.93349
-0.161785,0.064276,2.92696
-0.161785,0.064276,2.92696
-0.159417,0.0606725,2.93243
-0.159417,0.0606725,2.93243
-0.161101,0.0704917,2.93356
-0.161101,0.0704917,2.93356
-0.160258,0.0719553,2.9272
-0.160258,0.0719553,2.9272
-0.161737,0.0643775,2.93003
-0.161737,0.0643775,2.93003
-0.160073,0.0621959,2.92568
-0.160073,0.0621959,2.92568
-0.16055,0.0708153,2.93608
-0.16055,0.0708153,2.93608
-0.160309,0.0702372,2.93592
-0.160309,0.0702372,2.93592
-0.160374,0.061739,2.92844
-0.160374,0.061739,2.92844
-0.159062,0.0687734,2.92582
-0.159062,0.0687734,2.92582
-0.1599,0.0631865,2.91855
-0.1599,0.0631865,2.91855
-0.160989,0.0633233,2.90432
-0.160989,0.0633233,2.90432
-0.161781,0.0644564,2.93511
-0.161781,0.0644564,2.93511
-0.16276,0.0621157,2.93972
-0.16276,0.0621157,2.93972
-0.161917,0.0633048,2.93042
-0.161917,0.0633048,2.93042
-0.162429,0.0613709,2.93355
-0.162429,0.0613709,2.93355
-0.157978,0.0590761,2.93172
-0.157978,0.0590761,2.93172
-0.162877,0.0678357,2.94622
-0.162877,0.0678357,2.94622
-0.161334,0.0625877,2.9426
-0.161334,0.0625877,2.9426
-0.162774,0.0624482,2.9322
-0.162774,0.0624482,2.9322
-0.162167,0.0615461,2.9375
-0.162167,0.0615461,2.9375
-0.162282,0.0624761,2.93922
-0.162282,0.0624761,2.93922
-0.162197,0.0634774,2.94208
-0.162197,0.0634774,2.94208
-0.162998,0.0592461,2.95748
-0.162998,0.0592461,2.95748
-0.161521,0.0606751,2.96046
-0.161521,0.0606751,2.96046
-0.159443,0.0577751,2.94547
-0.159443,0.0577751,2.94547
-0.161542,0.064368,2.94525
-0.161542,0.064368,2.94525
-0.160695,0.0538037,2.95719
-0.160695,0.0538037,2.95719
-0.159932,0.0586074,2.94811
-0.159932,0.0586074,2.94811
-0.16393,0.0613767,2.94091
-0.16393,0.0613767,2.94091
-0.160352,0.0626276,2.93677
-0.160352,0.0626276,2.93677
-0.159731,0.0585337,2.94331
-0.159731,0.0585337,2.94331
-0.159803,0.0652937,2.94173
-0.159803,0.0652937,2.94173
-0.157097,0.0619824,2.94053
-0.157097,0.0619824,2.94053
-0.159622,0.0579939,2.93508
-0.159622,0.0579939,2.93508
-0.16057,0.0557077,2.93766
-0.16057,0.0557077,2.93766
-0.160199,0.0610006,2.94016
-0.160199,0.0610006,2.94016
-0.163998,0.0611524,2.94243
-0.163998,0.0611524,2.94243
-0.164314,0.0609952,2.93838
-0.164314,0.0609952,2.93838
-0.163353,0.0591909,2.94365
-0.163353,0.0591909,2.94365
-0.162427,0.05863,2.94299
-0.162427,0.05863,2.94299
-0.165918,0.0578414,2.93792
-0.165918,0.0578414,2.93792
-0.164956,0.0599521,2.95034
-0.164956,0.0599521,2.95034
-0.161822,0.0632225,2.94701
-0.161822,0.0632225,2.94701
-0.164533,0.0595222,2.9402
-0.164533,0.0595222,2.9402
-0.165119,0.056121,2.91894
-0.165119,0.056121,2.91894
-0.162951,0.0597552,2.94103
-0.162951,0.0597552,2.94103
-0.16101,0.0598965,2.93537
-0.16101,0.0598965,2.93537
-0.165518,0.0568089,2.92762
-0.165518,0.0568089,2.92762
-0.165122,0.0588963,2.92514
-0.165122,0.0588963,2.92514
-0.164233,0.0639616,2.94683
-0.164233,0.0639616,2.94683
-0.163965,0.0612611,2.92998
-0.163965,0.0612611,2.92998
-0.163609,0.066363,2.94208
-0.163609,0.066363,2.94208
-0.166187,0.0580608,2.92479
-0.166187,0.0580608,2.92479
-0.161754,0.0716335,2.94143
-0.161754,0.0716335,2.94143
-0.167072,0.061874,2.93242
-0.167072,0.061874,2.93242
-0.164267,0.0596619,2.92261
-0.164267,0.0596619,2.92261
-0.163266,0.0625779,2.92757
-0.163266,0.0625779,2.92757
-0.162133,0.0629824,2.93197
-0.162133,0.0629824,2.93197
-0.161103,0.0656283,2.93277
-0.161103,0.0656283,2.93277
-0.16099,0.0682794,2.93769
-0.16099,0.0682794,2.93769
-0.158425,0.0591454,2.92813
-0.158425,0.0591454,2.92813
-0.160321,0.0621003,2.92831
-0.160321,0.0621003,2.92831
-0.160299,0.0639302,2.93939
-0.160299,0.0639302,2.93939
-0.159037,0.0596427,2.93373
-0.159037,0.0596427,2.93373
-0.160314,0.0636854,2.92786
-0.160314,0.0636854,2.92786
-0.1603,0.0640655,2.93015
-0.1603,0.0640655,2.93015
-0.157715,0.081482,2.94133
-0.157715,0.081482,2.94133
-0.16067,0.0637701,2.92638
-0.16067,0.0637701,2.92638
-0.159014,0.0618715,2.92847
-0.159014,0.0618715,2.92847
-0.158865,0.0596649,2.93239
-0.158865,0.0596649,2.93239
-0.159104,0.0597629,2.93008
-0.159104,0.0597629,2.93008
-0.158905,0.0645131,2.93089
-0.158905,0.0645131,2.93089
-0.158181,0.0628029,2.93845
-0.158181,0.0628029,2.93845
-0.158973,0.0646256,2.93789
-0.158973,0.0646256,2.93789
-0.159248,0.0621072,2.92327
-0.159248,0.0621072,2.92327
-0.158998,0.0644718,2.93818
-0.158998,0.0644718,2.93818
-0.158183,0.0643636,2.9385
-0.158183,0.0643636,2.9385
-0.15703,0.0641588,2.93271
-0.15703,0.0641588,2.93271
-0.158975,0.0646424,2.93812
-0.158975,0.0646424,2.93812
-0.158466,0.0611035,2.9354
-0.158466,0.0611035,2.9354
-0.157713,0.0660777,2.92053
-0.157713,0.0660777,2.92053
-0.159567,0.0627006,2.92552
-0.159567,0.0627006,2.92552
-0.158846,0.0633428,2.9293
-0.158846,0.0633428,2.9293
-0.157439,0.0643776,2.92496
-0.157439,0.0643776,2.92496
-0.163426,0.0658818,2.93268
-0.163426,0.0658818,2.93268
-0.160325,0.0901547,2.93879
-0.160325,0.0901547,2.93879
-0.158844,0.0619629,2.93219
-0.158844,0.0619629,2.93219
-0.15814,0.0654123,2.92734
-0.15814,0.0654123,2.92734
-0.158789,0.0633975,2.93281
-0.158789,0.0633975,2.93281
-0.158403,0.0632016,2.93042
-0.158403,0.0632016,2.93042
-0.159002,0.0629259,2.92284
-0.159002,0.0629259,2.92284
-0.158911,0.0654771,2.91173
-0.158911,0.0654771,2.91173
-0.159657,0.0637273,2.91151
-0.159657,0.0637273,2.91151
-0.162223,0.0642745,2.91174
-0.162223,0.0642745,2.91174
-0.158383,0.0621792,2.9138
-0.158383,0.0621792,2.9138
-0.15959,0.0365882,2.89627
-0.15959,0.0365882,2.89627
-0.158436,0.0617568,2.9205
-0.158436,0.0617568,2.9205
-0.158735,0.0616206,2.92169
-0.158735,0.0616206,2.92169
-0.158436,0.0615369,2.914
-0.158436,0.0615369,2.914
-0.158683,0.0654949,2.91859
-0.158683,0.0654949,2.91859
-0.158686,0.0711824,2.91891
-0.158686,0.0711824,2.91891
-0.15915,0.0697298,2.916
-0.15915,0.0697298,2.916
-0.161497,0.0685426,2.92848
-0.161497,0.0685426,2.92848
-0.159933,0.061319,2.91794
-0.159933,0.061319,2.91794
-0.159171,0.0604107,2.91256
-0.159171,0.0604107,2.91256
-0.159963,0.0710847,2.91394
-0.159963,0.0710847,2.91394
-0.162768,0.0647926,2.91446
-0.162768,0.0647926,2.91446
-0.16061,0.0692447,2.91665
-0.16061,0.0692447,2.91665
-0.159973,0.0619606,2.91114
-0.159973,0.0619606,2.91114
-0.159248,0.0612164,2.90183
-0.159248,0.0612164,2.90183
-0.162265,0.0658225,2.90454
-0.162265,0.0658225,2.90454
-0.167796,0.0636322,2.89184
-0.167796,0.0636322,2.89184
-0.180297,0.0950717,2.90901
-0.180297,0.0950717,2.90901
-0.189512,0.0715652,2.86127
-0.189512,0.0715652,2.86127
-0.206298,0.0843642,2.87606
-0.206298,0.0843642,2.87606
-0.212379,0.0796943,2.86399
-0.212379,0.0796943,2.86399
-0.224271,0.085768,2.86765
-0.224271,0.085768,2.86765
-0.234614,0.0945554,2.88288
-0.234614,0.0945554,2.88288
-0.235431,0.0986456,2.88343
-0.235431,0.0986456,2.88343
-0.238332,0.101686,2.88943
-0.238332,0.101686,2.88943
-0.242706,0.0994343,2.89217
-0.242706,0.0994343,2.89217
-0.235104,0.100989,2.89502
-0.235104,0.100989,2.89502
-0.230807,0.098127,2.88166
-0.230807,0.098127,2.88166
-0.221862,0.0885705,2.87629
-0.221862,0.0885705,2.87629
-0.214157,0.0896507,2.86669
-0.214157,0.0896507,2.86669
-0.205848,0.110156,2.88835
-0.205848,0.110156,2.88835
-0.198198,0.0781876,2.86477
-0.198198,0.0781876,2.86477
-0.188108,0.0873552,2.86865
-0.188108,0.0873552,2.86865
-0.184624,0.0771146,2.86919
-0.184624,0.0771146,2.86919
-0.178444,0.078628,2.87423
-0.178444,0.078628,2.87423
-0.171791,0.074588,2.86577
-0.171791,0.074588,2.86577
-0.168839,0.0727746,2.86049
-0.168839,0.0727746,2.86049
-0.164538,0.0699978,2.87216
-0.164538,0.0699978,2.87216
-0.15644,0.0659066,2.87634
-0.15644,0.0659066,2.87634
-0.158935,0.0621481,2.87302
-0.158935,0.0621481,2.87302
-0.157263,0.0603126,2.87157
-0.157263,0.0603126,2.87157
-0.165496,0.0643799,2.8845
-0.165496,0.0643799,2.8845
-0.167291,0.06605,2.87638
-0.167291,0.06605,2.87638
-0.178979,0.0757086,2.88634
-0.178979,0.0757086,2.88634
-0.187652,0.0691402,2.87531
-0.187652,0.0691402,2.87531
-0.193133,0.0733562,2.8838
-0.193133,0.0733562,2.8838
-0.197031,0.0755189,2.88171
-0.197031,0.0755189,2.88171
-0.201719,0.0852333,2.91005
-0.201719,0.0852333,2.91005
-0.206944,0.0824703,2.89711
-0.206944,0.0824703,2.89711
-0.207784,0.0919622,2.92242
-0.207784,0.0919622,2.92242
-0.21251,0.0876658,2.91622
-0.21251,0.0876658,2.91622
-0.214714,0.0947784,2.92978
-0.214714,0.0947784,2.92978
-0.219587,0.0877398,2.91521
-0.219587,0.0877398,2.91521
-0.217746,0.0906489,2.9262
-0.217746,0.0906489,2.9262
-0.219776,0.0860575,2.91967
-0.219776,0.0860575,2.91967
-0.219538,0.0861045,2.92263
-0.219538,0.0861045,2.92263
-0.213636,0.0874805,2.93065
-0.213636,0.0874805,2.93065
-0.213252,0.087528,2.92716
-0.213252,0.087528,2.92716
-0.21002,0.085406,2.93048
-0.21002,0.085406,2.93048
-0.208301,0.0813725,2.92111
-0.208301,0.0813725,2.92111
-0.202928,0.0859749,2.9159
-0.202928,0.0859749,2.9159
-0.202353,0.0807678,2.91877
-0.202353,0.0807678,2.91877
-0.200342,0.0823181,2.91923
-0.200342,0.0823181,2.91923
-0.198899,0.0825338,2.90704
-0.198899,0.0825338,2.90704
-0.193817,0.0738687,2.90021
-0.193817,0.0738687,2.90021
-0.195392,0.0767705,2.91662
-0.195392,0.0767705,2.91662
-0.19025,0.0785391,2.91343
-0.19025,0.0785391,2.91343
-0.188508,0.0788209,2.92039
-0.188508,0.0788209,2.92039
-0.186663,0.0733387,2.90874
-0.186663,0.0733387,2.90874
-0.182723,0.0719253,2.92857
-0.182723,0.0719253,2.92857
-0.181524,0.0750676,2.92149
-0.181524,0.0750676,2.92149
-0.181897,0.0679137,2.91927
-0.181897,0.0679137,2.91927
-0.178427,0.0655588,2.90554
-0.178427,0.0655588,2.90554
-0.173875,0.0602833,2.90973
-0.173875,0.0602833,2.90973
-0.171374,0.056192,2.90247
-0.171374,0.056192,2.90247
-0.1684,0.0539591,2.88897
-0.1684,0.0539591,2.88897
-0.166692,0.0517508,2.87627
-0.166692,0.0517508,2.87627
-0.164504,0.0542941,2.87356
-0.164504,0.0542941,2.87356
-0.165267,0.0527057,2.87861
-0.165267,0.0527057,2.87861
-0.167089,0.0565707,2.88882
-0.167089,0.0565707,2.88882
-0.167348,0.0548483,2.88196
-0.167348,0.0548483,2.88196
-0.16769,0.052578,2.87714
-0.16769,0.052578,2.87714
-0.168785,0.0512039,2.87457
-0.168785,0.0512039,2.87457
-0.171171,0.0552474,2.87432
-0.171171,0.0552474,2.87432
-0.173734,0.063103,2.87264
-0.173734,0.063103,2.87264
-0.177892,0.0647638,2.87373
-0.177892,0.0647638,2.87373
-0.183063,0.0631153,2.85713
-0.183063,0.0631153,2.85713
-0.188543,0.0655968,2.87222
-0.188543,0.0655968,2.87222
-0.190779,0.0660586,2.86705
-0.190779,0.0660586,2.86705
-0.194689,0.0656893,2.88064
-0.194689,0.0656893,2.88064
-0.199621,0.0641122,2.88194
-0.199621,0.0641122,2.88194
-0.2035,0.0629563,2.86592
-0.2035,0.0629563,2.86592
-0.205577,0.0631482,2.8678
-0.205577,0.0631482,2.8678
-0.208224,0.0620117,2.87341
-0.208224,0.0620117,2.87341
-0.209547,0.0566192,2.87306
-0.209547,0.0566192,2.87306
-0.208957,0.0588697,2.87281
-0.208957,0.0588697,2.87281
-0.205298,0.0556979,2.87183
-0.205298,0.0556979,2.87183
-0.199563,0.0595705,2.87367
-0.199563,0.0595705,2.87367
-0.193795,0.0616445,2.86285
-0.193795,0.0616445,2.86285
-0.187177,0.067558,2.85075
-0.187177,0.067558,2.85075
-0.183563,0.0721937,2.84317
-0.183563,0.0721937,2.84317
-0.179948,0.0752162,2.83207
-0.179948,0.0752162,2.83207
-0.176599,0.0804986,2.82201
-0.176599,0.0804986,2.82201
-0.174015,0.0811161,2.8286
-0.174015,0.0811161,2.8286
-0.166013,0.0806274,2.8352
-0.166013,0.0806274,2.8352
-0.15952,0.0787187,2.839
-0.15952,0.0787187,2.839
-0.156404,0.0774554,2.84206
-0.156404,0.0774554,2.84206
-0.154109,0.082626,2.84453
-0.154109,0.082626,2.84453
-0.149555,0.0879779,2.85442
-0.149555,0.0879779,2.85442
-0.145258,0.0902001,2.87232
-0.145258,0.0902001,2.87232
-0.143293,0.0973613,2.8935
-0.143293,0.0973613,2.8935
-0.138315,0.102536,2.91127
-0.138315,0.102536,2.91127
-0.130393,0.101941,2.92902
-0.130393,0.101941,2.92902
-0.13045,0.109749,2.94562
-0.13045,0.109749,2.94562
-0.130063,0.115059,2.94348
-0.130063,0.115059,2.94348
-0.127611,0.118413,2.9664
-0.127611,0.118413,2.9664
-0.127545,0.120044,2.954
-0.127545,0.120044,2.954
-0.128298,0.126327,2.94491
-0.128298,0.126327,2.94491
-0.129067,0.125354,2.9479
-0.129067,0.125354,2.9479
-0.130606,0.123455,2.97169
-0.130606,0.123455,2.97169
-0.129643,0.118913,2.94435
-0.129643,0.118913,2.94435
-0.128958,0.117824,2.92608
-0.128958,0.117824,2.92608
-0.129071,0.118424,2.92715
-0.129071,0.118424,2.92715
-0.129184,0.118229,2.92922
-0.129184,0.118229,2.92922
-0.128745,0.117362,2.91894
-0.128745,0.117362,2.91894
-0.128896,0.118212,2.9236
-0.128896,0.118212,2.9236
-0.129058,0.118391,2.92669
-0.129058,0.118391,2.92669
-0.129155,0.118425,2.92839
-0.129155,0.118425,2.92839
-0.128748,0.118368,2.91912
-0.128748,0.118368,2.91912
-0.130811,0.114324,2.92191
-0.130811,0.114324,2.92191
-0.132959,0.112694,2.92757
-0.132959,0.112694,2.92757
-0.135662,0.110124,2.90403
-0.135662,0.110124,2.90403
-0.138094,0.109009,2.90861
-0.138094,0.109009,2.90861
-0.139609,0.106734,2.89611
-0.139609,0.106734,2.89611
-0.143358,0.102272,2.89126
-0.143358,0.102272,2.89126
-0.145024,0.0990334,2.88748
-0.145024,0.0990334,2.88748
-0.14922,0.0964352,2.87551
-0.14922,0.0964352,2.87551
-0.152098,0.0890517,2.87937
-0.152098,0.0890517,2.87937
-0.156416,0.085664,2.87601
-0.156416,0.085664,2.87601
-0.159479,0.0815082,2.87339
-0.159479,0.0815082,2.87339
-0.164796,0.0797001,2.8512
-0.164796,0.0797001,2.8512
-0.17058,0.079162,2.83566
-0.17058,0.079162,2.83566
-0.174349,0.0782807,2.82296
-0.174349,0.0782807,2.82296
-0.18048,0.0732515,2.80195
-0.18048,0.0732515,2.80195
-0.18771,0.0694464,2.79684
-0.18771,0.0694464,2.79684
-0.192198,0.0705711,2.77905
-0.192198,0.0705711,2.77905
-0.196345,0.0682685,2.76525
-0.196345,0.0682685,2.76525
-0.200361,0.0663913,2.74247
-0.200361,0.0663913,2.74247
-0.202524,0.0650511,2.73327
-0.202524,0.0650511,2.73327
-0.202068,0.0595481,2.71632
-0.202068,0.0595481,2.71632
-0.200076,0.0545765,2.69564
-0.200076,0.0545765,2.69564
-0.198054,0.0554592,2.68488
-0.198054,0.0554592,2.68488
-0.195536,0.0579764,2.67953
-0.195536,0.0579764,2.67953
-0.190955,0.0551176,2.6817
-0.190955,0.0551176,2.6817
-0.188391,0.0530055,2.68391
-0.188391,0.0530055,2.68391
-0.184421,0.0499465,2.69516
-0.184421,0.0499465,2.69516
-0.18004,0.0497834,2.6935
-0.18004,0.0497834,2.6935
-0.176164,0.0493195,2.6917
-0.176164,0.0493195,2.6917
-0.172786,0.0497725,2.68881
-0.172786,0.0497725,2.68881
-0.16729,0.0500263,2.68297
-0.16729,0.0500263,2.68297
-0.163953,0.0500454,2.6704
-0.163953,0.0500454,2.6704
-0.160125,0.0504715,2.66505
-0.160125,0.0504715,2.66505
-0.157969,0.0552811,2.6579
-0.157969,0.0552811,2.6579
-0.154851,0.0580398,2.64676
-0.154851,0.0580398,2.64676
-0.152842,0.059504,2.62594
-0.152842,0.059504,2.62594
-0.153558,0.0609284,2.6006
-0.153558,0.0609284,2.6006
-0.158085,0.0664982,2.58047
-0.158085,0.0664982,2.58047
-0.163256,0.0797916,2.53895
-0.163256,0.0797916,2.53895
-0.173997,0.101599,2.48921
-0.173997,0.101599,2.48921
-0.185215,0.123478,2.4508
-0.185215,0.123478,2.4508
-0.197453,0.144066,2.4164
-0.197453,0.144066,2.4164
-0.211942,0.162058,2.39166
-0.211942,0.162058,2.39166
-0.227089,0.178841,2.37456
-0.227089,0.178841,2.37456
-0.244184,0.192518,2.3705
-0.244184,0.192518,2.3705
-0.25761,0.199335,2.36293
-0.25761,0.199335,2.36293
-0.266329,0.203124,2.35908
-0.266329,0.203124,2.35908
-0.275114,0.204387,2.34901
-0.275114,0.204387,2.34901
-0.282401,0.203576,2.35165
-0.282401,0.203576,2.35165
-0.281188,0.198363,2.36858
-0.281188,0.198363,2.36858
-0.278595,0.194201,2.37217
-0.278595,0.194201,2.37217
-0.283967,0.19106,2.36823
-0.283967,0.19106,2.36823
-0.281324,0.18728,2.37185
-0.281324,0.18728,2.37185
-0.281382,0.185853,2.37053
-0.281382,0.185853,2.37053
-0.281763,0.184433,2.36745
-0.281763,0.184433,2.36745
-0.281573,0.184289,2.3707
-0.281573,0.184289,2.3707
-0.280725,0.184235,2.37234
-0.280725,0.184235,2.37234
-0.280716,0.183581,2.37201
-0.280716,0.183581,2.37201
-0.280844,0.182691,2.37338
-0.280844,0.182691,2.37338
-0.279963,0.182545,2.37712
-0.279963,0.182545,2.37712
-0.279011,0.181512,2.3733
-0.279011,0.181512,2.3733
-0.279857,0.183578,2.37726
-0.279857,0.183578,2.37726
-0.278237,0.182238,2.37578
-0.278237,0.182238,2.37578
-0.277672,0.181993,2.3738
-0.277672,0.181993,2.3738
-0.27799,0.181846,2.37151
-0.27799,0.181846,2.37151
-0.279623,0.181668,2.37178
-0.279623,0.181668,2.37178
-0.276166,0.181161,2.37054
-0.276166,0.181161,2.37054
-0.268892,0.177319,2.36793
-0.268892,0.177319,2.36793
-0.264164,0.173553,2.36983
-0.264164,0.173553,2.36983
-0.260435,0.164668,2.36626
-0.260435,0.164668,2.36626
-0.259485,0.156368,2.36791
-0.259485,0.156368,2.36791
-0.25794,0.149007,2.37442
-0.25794,0.149007,2.37442
-0.258635,0.145202,2.379
-0.258635,0.145202,2.379
-0.259361,0.139432,2.38424
-0.259361,0.139432,2.38424
-0.258479,0.132739,2.3888
-0.258479,0.132739,2.3888
-0.258528,0.129298,2.39264
-0.258528,0.129298,2.39264
-0.258562,0.125428,2.39458
-0.258562,0.125428,2.39458
-0.258843,0.122548,2.39476
-0.258843,0.122548,2.39476
-0.259722,0.120184,2.39361
-0.259722,0.120184,2.39361
-0.260434,0.119526,2.3921
-0.260434,0.119526,2.3921
-0.262716,0.117974,2.38812
-0.262716,0.117974,2.38812
-0.264141,0.114666,2.38389
-0.264141,0.114666,2.38389
-0.26647,0.111964,2.38262
-0.26647,0.111964,2.38262
-0.268514,0.108178,2.38315
-0.268514,0.108178,2.38315
-0.270218,0.105165,2.3839
-0.270218,0.105165,2.3839
-0.271053,0.102781,2.38283
-0.271053,0.102781,2.38283
-0.273025,0.101495,2.37959
-0.273025,0.101495,2.37959
-0.272879,0.101159,2.37593
-0.272879,0.101159,2.37593
-0.272417,0.101928,2.37388
-0.272417,0.101928,2.37388
-0.272508,0.100934,2.37251
-0.272508,0.100934,2.37251
-0.273767,0.0995141,2.37055
-0.273767,0.0995141,2.37055
-0.272711,0.0990574,2.37178
-0.272711,0.0990574,2.37178
-0.27359,0.0983664,2.37267
-0.27359,0.0983664,2.37267
-0.273754,0.0984081,2.37412
-0.273754,0.0984081,2.37412
-0.273787,0.0976203,2.37428
-0.273787,0.0976203,2.37428
-0.272607,0.0982147,2.37401
-0.272607,0.0982147,2.37401
-0.273345,0.0981154,2.37509
-0.273345,0.0981154,2.37509
-0.272836,0.0973757,2.37283
-0.272836,0.0973757,2.37283
-0.272407,0.096756,2.37465
-0.272407,0.096756,2.37465
-0.27138,0.0964995,2.37742
-0.27138,0.0964995,2.37742
-0.270135,0.0955733,2.37913
-0.270135,0.0955733,2.37913
-0.267036,0.0958947,2.38022
-0.267036,0.0958947,2.38022
-0.264645,0.0955334,2.38255
-0.264645,0.0955334,2.38255
-0.25145,0.0916535,2.3849
-0.25145,0.0916535,2.3849
-0.239936,0.0875769,2.38327
-0.239936,0.0875769,2.38327
-0.231922,0.0876904,2.38466
-0.231922,0.0876904,2.38466
-0.221385,0.0848007,2.37918
-0.221385,0.0848007,2.37918
-0.211366,0.0803656,2.37711
-0.211366,0.0803656,2.37711
-0.196407,0.07688,2.40025
-0.196407,0.07688,2.40025
-0.178261,0.0705965,2.42802
-0.178261,0.0705965,2.42802
-0.154995,0.0638976,2.46206
-0.154995,0.0638976,2.46206
-0.131999,0.0549024,2.50348
-0.131999,0.0549024,2.50348
-0.110167,0.0506909,2.54778
-0.110167,0.0506909,2.54778
-0.0916014,0.0494829,2.58363
-0.0916014,0.0494829,2.58363
-0.0747751,0.0521388,2.62386
-0.0747751,0.0521388,2.62386
-0.0663138,0.0553824,2.65434
-0.0663138,0.0553824,2.65434
-0.0581417,0.0571731,2.67227
-0.0581417,0.0571731,2.67227
-0.0501086,0.0626886,2.68346
-0.0501086,0.0626886,2.68346
-0.042289,0.065868,2.69792
-0.042289,0.065868,2.69792
-0.034865,0.0664138,2.70032
-0.034865,0.0664138,2.70032
-0.0292558,0.066255,2.69888
-0.0292558,0.066255,2.69888
-0.0253978,0.0663031,2.70085
-0.0253978,0.0663031,2.70085
-0.0234451,0.0669732,2.70079
-0.0234451,0.0669732,2.70079
-0.0224011,0.0659069,2.69669
-0.0224011,0.0659069,2.69669
-0.0209413,0.0622966,2.68999
-0.0209413,0.0622966,2.68999
-0.0178839,0.0600416,2.67735
-0.0178839,0.0600416,2.67735
-0.014391,0.0563408,2.66355
-0.014391,0.0563408,2.66355
-0.0107326,0.0547735,2.65169
-0.0107326,0.0547735,2.65169
-0.00837061,0.0531847,2.6419
-0.00837061,0.0531847,2.6419
-0.00709259,0.0534071,2.63618
-0.00709259,0.0534071,2.63618
-0.00779473,0.0529994,2.63185
-0.00779473,0.0529994,2.63185
-0.0100448,0.0540583,2.62914
-0.0100448,0.0540583,2.62914
-0.0117882,0.0554818,2.62717
-0.0117882,0.0554818,2.62717
-0.0122981,0.0569944,2.61879
-0.0122981,0.0569944,2.61879
-0.0128592,0.0578782,2.61007
-0.0128592,0.0578782,2.61007
-0.024168,0.0663153,2.57601
-0.024168,0.0663153,2.57601
-0.0318426,0.0801506,2.54234
-0.0318426,0.0801506,2.54234
-0.0371403,0.0899263,2.52443
-0.0371403,0.0899263,2.52443
-0.0457387,0.0920944,2.51584
-0.0457387,0.0920944,2.51584
-0.0534665,0.0892411,2.51953
-0.0534665,0.0892411,2.51953
-0.0641444,0.0808028,2.54186
-0.0641444,0.0808028,2.54186
-0.0754739,0.0762449,2.58884
-0.0754739,0.0762449,2.58884
-0.0839364,0.069882,2.64723
-0.0839364,0.069882,2.64723
-0.0909131,0.0670732,2.69315
-0.0909131,0.0670732,2.69315
-0.0975532,0.0639296,2.7498
-0.0975532,0.0639296,2.7498
-0.103937,0.0642351,2.81099
-0.103937,0.0642351,2.81099
-0.111594,0.0641393,2.8537
-0.111594,0.0641393,2.8537
-0.116247,0.0644797,2.87963
-0.116247,0.0644797,2.87963
-0.124671,0.0650153,2.88039
-0.124671,0.0650153,2.88039
-0.136133,0.070453,2.85529
-0.136133,0.070453,2.85529
-0.14894,0.075577,2.83192
-0.14894,0.075577,2.83192
-0.16014,0.0818893,2.78418
-0.16014,0.0818893,2.78418
-0.16933,0.0848311,2.74902
-0.16933,0.0848311,2.74902
-0.180536,0.0933076,2.69713
-0.180536,0.0933076,2.69713
-0.189043,0.101327,2.65023
-0.189043,0.101327,2.65023
-0.196241,0.104391,2.61095
-0.196241,0.104391,2.61095
-0.19934,0.109722,2.56204
-0.19934,0.109722,2.56204
-0.200614,0.113183,2.52784
-0.200614,0.113183,2.52784
-0.201223,0.115597,2.49858
-0.201223,0.115597,2.49858
-0.201484,0.116391,2.45824
-0.201484,0.116391,2.45824
-0.203606,0.114897,2.42313
-0.203606,0.114897,2.42313
-0.211178,0.114482,2.39954
-0.211178,0.114482,2.39954
-0.217081,0.113852,2.38056
-0.217081,0.113852,2.38056
-0.223808,0.112962,2.36613
-0.223808,0.112962,2.36613
-0.232875,0.112438,2.36024
-0.232875,0.112438,2.36024
-0.232297,0.122182,2.37545
-0.232297,0.122182,2.37545
-0.234604,0.125851,2.38351
-0.234604,0.125851,2.38351
-0.237166,0.125952,2.39024
-0.237166,0.125952,2.39024
-0.241672,0.12223,2.38896
-0.241672,0.12223,2.38896
-0.24543,0.119114,2.39051
-0.24543,0.119114,2.39051
-0.248597,0.115642,2.39719
-0.248597,0.115642,2.39719
-0.251542,0.112742,2.39905
-0.251542,0.112742,2.39905
-0.254025,0.10942,2.39518
-0.254025,0.10942,2.39518
-0.256879,0.107817,2.39032
-0.256879,0.107817,2.39032
-0.258297,0.106815,2.38831
-0.258297,0.106815,2.38831
-0.259471,0.105443,2.38579
-0.259471,0.105443,2.38579
-0.25973,0.105107,2.38423
-0.25973,0.105107,2.38423
-0.259797,0.104853,2.38234
-0.259797,0.104853,2.38234
-0.261569,0.104078,2.38249
-0.261569,0.104078,2.38249
-0.261702,0.103456,2.38013
-0.261702,0.103456,2.38013
-0.263296,0.101843,2.38225
-0.263296,0.101843,2.38225
-0.263,0.100984,2.37918
-0.263,0.100984,2.37918
-0.263345,0.0999952,2.37804
-0.263345,0.0999952,2.37804
-0.263784,0.099451,2.37951
-0.263784,0.099451,2.37951
-0.264606,0.099403,2.38131
-0.264606,0.099403,2.38131
-0.264606,0.0989013,2.38105
-0.264606,0.0989013,2.38105
-0.264595,0.0987627,2.38077
-0.264595,0.0987627,2.38077
-0.264615,0.0980798,2.38091
-0.264615,0.0980798,2.38091
-0.264554,0.0985115,2.37793
-0.264554,0.0985115,2.37793
-0.264848,0.0976644,2.37849
-0.264848,0.0976644,2.37849
-0.26465,0.0970718,2.37873
-0.26465,0.0970718,2.37873
-0.263723,0.096096,2.37757
-0.263723,0.096096,2.37757
-0.263429,0.0958129,2.3751
-0.263429,0.0958129,2.3751
-0.263731,0.0965768,2.37607
-0.263731,0.0965768,2.37607
-0.263371,0.0956823,2.37663
-0.263371,0.0956823,2.37663
-0.263989,0.095834,2.37899
-0.263989,0.095834,2.37899
-0.262809,0.0963722,2.37714
-0.262809,0.0963722,2.37714
-0.261918,0.0959256,2.37297
-0.261918,0.0959256,2.37297
-0.260906,0.0958599,2.37235
-0.260906,0.0958599,2.37235
-0.259947,0.0945456,2.37436
-0.259947,0.0945456,2.37436
-0.259917,0.0934841,2.37635
-0.259917,0.0934841,2.37635
-0.259015,0.092707,2.38286
-0.259015,0.092707,2.38286
-0.255946,0.0888742,2.38527
-0.255946,0.0888742,2.38527
-0.252824,0.0866836,2.38864
-0.252824,0.0866836,2.38864
-0.248189,0.082756,2.3904
-0.248189,0.082756,2.3904
-0.24385,0.080086,2.39112
-0.24385,0.080086,2.39112
-0.233518,0.0756373,2.39406
-0.233518,0.0756373,2.39406
-0.223808,0.0698544,2.39387
-0.223808,0.0698544,2.39387
-0.215012,0.0645601,2.40863
-0.215012,0.0645601,2.40863
-0.203692,0.0596767,2.41691
-0.203692,0.0596767,2.41691
-0.187631,0.0567358,2.42768
-0.187631,0.0567358,2.42768
-0.166903,0.0511406,2.4412
-0.166903,0.0511406,2.4412
-0.15145,0.0479559,2.45416
-0.15145,0.0479559,2.45416
-0.136614,0.0456437,2.47234
-0.136614,0.0456437,2.47234
-0.119195,0.0423862,2.5016
-0.119195,0.0423862,2.5016
-0.103377,0.0440284,2.51754
-0.103377,0.0440284,2.51754
-0.0886555,0.0440055,2.52432
-0.0886555,0.0440055,2.52432
-0.0786868,0.0441337,2.54666
-0.0786868,0.0441337,2.54666
-0.06905,0.0468509,2.5637
-0.06905,0.0468509,2.5637
-0.0623497,0.0477193,2.57173
-0.0623497,0.0477193,2.57173
-0.055978,0.0503823,2.56776
-0.055978,0.0503823,2.56776
-0.054298,0.0530963,2.57223
-0.054298,0.0530963,2.57223
-0.0527139,0.050667,2.57734
-0.0527139,0.050667,2.57734
-0.0483638,0.0524423,2.57885
-0.0483638,0.0524423,2.57885
-0.0426261,0.0531915,2.58249
-0.0426261,0.0531915,2.58249
-0.0392063,0.0544005,2.5872
-0.0392063,0.0544005,2.5872
-0.0367333,0.05332,2.5831
-0.0367333,0.05332,2.5831
-0.0343698,0.0557767,2.58729
-0.0343698,0.0557767,2.58729
-0.0333188,0.0574531,2.59154
-0.0333188,0.0574531,2.59154
-0.0320356,0.0597552,2.59469
-0.0320356,0.0597552,2.59469
-0.0314094,0.059511,2.5953
-0.0314094,0.059511,2.5953
-0.0319833,0.0601171,2.59882
-0.0319833,0.0601171,2.59882
-0.0342266,0.0614246,2.5975
-0.0342266,0.0614246,2.5975
-0.0367304,0.0609063,2.59323
-0.0367304,0.0609063,2.59323
-0.0388396,0.062426,2.59164
-0.0388396,0.062426,2.59164
-0.0399142,0.0653174,2.5921
-0.0399142,0.0653174,2.5921
-0.0415033,0.0641702,2.59405
-0.0415033,0.0641702,2.59405
-0.0433476,0.0625735,2.59613
-0.0433476,0.0625735,2.59613
-0.0434311,0.0575235,2.59043
-0.0434311,0.0575235,2.59043
-0.0465051,0.0561311,2.59354
-0.0465051,0.0561311,2.59354
-0.0514857,0.0532088,2.59185
-0.0514857,0.0532088,2.59185
-0.0568656,0.0524482,2.59047
-0.0568656,0.0524482,2.59047
-0.0614197,0.0522248,2.58615
-0.0614197,0.0522248,2.58615
-0.0685041,0.0508529,2.58374
-0.0685041,0.0508529,2.58374
-0.0779004,0.0527975,2.59137
-0.0779004,0.0527975,2.59137
-0.0875288,0.054964,2.59587
-0.0875288,0.054964,2.59587
-0.0942454,0.0522546,2.59505
-0.0942454,0.0522546,2.59505
-0.100732,0.0507456,2.60582
-0.100732,0.0507456,2.60582
-0.107345,0.0469898,2.59948
-0.107345,0.0469898,2.59948
-0.11054,0.0461147,2.59806
-0.11054,0.0461147,2.59806
-0.111753,0.0445279,2.59088
-0.111753,0.0445279,2.59088
-0.118684,0.042323,2.58607
-0.118684,0.042323,2.58607
-0.119415,0.0410851,2.57559
-0.119415,0.0410851,2.57559
-0.115854,0.0425804,2.55325
-0.115854,0.0425804,2.55325
-0.112419,0.0437845,2.52441
-0.112419,0.0437845,2.52441
-0.112436,0.0454241,2.49231
-0.112436,0.0454241,2.49231
-0.1164,0.0438315,2.46182
-0.1164,0.0438315,2.46182
-0.124557,0.0405955,2.43957
-0.124557,0.0405955,2.43957
-0.131722,0.0418298,2.41433
-0.131722,0.0418298,2.41433
-0.137277,0.0438059,2.36997
-0.137277,0.0438059,2.36997
-0.134135,0.0452686,2.31784
-0.134135,0.0452686,2.31784
-0.128302,0.0479449,2.27382
-0.128302,0.0479449,2.27382
-0.122078,0.0507156,2.22288
-0.122078,0.0507156,2.22288
-0.119296,0.054837,2.17699
-0.119296,0.054837,2.17699
-0.119912,0.0576946,2.12982
-0.119912,0.0576946,2.12982
-0.121017,0.0606298,2.08547
-0.121017,0.0606298,2.08547
-0.1258,0.0629535,2.0518
-0.1258,0.0629535,2.0518
-0.130382,0.0608079,2.01068
-0.130382,0.0608079,2.01068
-0.132699,0.0566376,1.95709
-0.132699,0.0566376,1.95709
-0.136116,0.051007,1.90395
-0.136116,0.051007,1.90395
-0.141053,0.0464891,1.85934
-0.141053,0.0464891,1.85934
-0.147053,0.037154,1.80864
-0.147053,0.037154,1.80864
-0.155329,0.0255182,1.7778
-0.155329,0.0255182,1.7778
-0.163009,0.0115252,1.75939
-0.163009,0.0115252,1.75939
-0.168376,0.00188904,1.73602
-0.168376,0.00188904,1.73602
-0.170626,-0.00343826,1.71597
-0.170626,-0.00343826,1.71597
-0.172236,-0.00489626,1.68341
-0.172236,-0.00489626,1.68341
-0.17315,-0.00704743,1.64963
-0.17315,-0.00704743,1.64963
-0.174951,-0.00813395,1.6176
-0.174951,-0.00813395,1.6176
-0.178264,-0.00731154,1.56743
-0.178264,-0.00731154,1.56743
-0.182058,-0.00742103,1.5092
-0.182058,-0.00742103,1.5092
-0.188556,-0.00962592,1.45185
-0.188556,-0.00962592,1.45185
-0.196839,-0.0145162,1.40721
-0.196839,-0.0145162,1.40721
-0.20464,-0.0313781,1.37832
-0.20464,-0.0313781,1.37832
-0.21175,-0.0391385,1.35205
-0.21175,-0.0391385,1.35205
-0.216998,-0.0471554,1.32768
-0.216998,-0.0471554,1.32768
-0.229921,-0.0531691,1.32345
-0.229921,-0.0531691,1.32345
-0.239449,-0.0538005,1.31935
-0.239449,-0.0538005,1.31935
-0.247506,-0.0545346,1.30649
-0.247506,-0.0545346,1.30649
-0.254993,-0.0547777,1.28342
-0.254993,-0.0547777,1.28342
-0.262144,-0.056761,1.26623
-0.262144,-0.056761,1.26623
-0.270064,-0.0594204,1.2415
-0.270064,-0.0594204,1.2415
-0.27497,-0.0614968,1.21353
-0.27497,-0.0614968,1.21353
-0.279672,-0.0624505,1.19557
-0.279672,-0.0624505,1.19557
-0.283709,-0.0618464,1.18976
-0.283709,-0.0618464,1.18976
-0.289895,-0.0654414,1.18053
-0.289895,-0.0654414,1.18053
-0.296414,-0.069866,1.17532
-0.296414,-0.069866,1.17532
-0.3013,-0.0733249,1.17614
-0.3013,-0.0733249,1.17614
-0.305011,-0.0768958,1.17521
-0.305011,-0.0768958,1.17521
-0.309214,-0.0796989,1.19526
-0.309214,-0.0796989,1.19526
-0.31764,-0.0846028,1.26927
-0.31764,-0.0846028,1.26927
-0.313978,-0.0839108,1.36117
-0.313978,-0.0839108,1.36117
-0.30932,-0.0831108,1.40785
-0.30932,-0.0831108,1.40785
-0.306311,-0.0825926,1.43106
-0.306311,-0.0825926,1.43106
-0.311401,-0.0729041,1.42842
-0.311401,-0.0729041,1.42842
-0.317323,-0.0646547,1.41818
-0.317323,-0.0646547,1.41818
-0.323735,-0.05845,1.39282
-0.323735,-0.05845,1.39282
-0.32438,-0.054307,1.35204
-0.32438,-0.054307,1.35204
-0.318981,-0.0445524,1.3211
-0.318981,-0.0445524,1.3211
-0.315178,-0.0405177,1.31568
-0.315178,-0.0405177,1.31568
-0.313217,-0.0387288,1.31564
-0.313217,-0.0387288,1.31564
-0.31226,-0.0378925,1.3163
-0.31226,-0.0378925,1.3163
-0.311799,-0.0374889,1.31683
-0.311799,-0.0374889,1.31683
-0.311583,-0.0372907,1.31715
-0.311583,-0.0372907,1.31715
-0.311487,-0.0371925,1.31734
-0.311487,-0.0371925,1.31734
-0.311452,-0.0371435,1.31746
-0.311452,-0.0371435,1.31746
-0.311448,-0.0371191,1.31752
-0.311448,-0.0371191,1.31752
-0.311468,-0.0371067,1.31756
-0.311468,-0.0371067,1.31756
-0.311502,-0.0371005,1.31758
-0.311502,-0.0371005,1.31758
-0.311525,-0.0370973,1.3176
-0.311525,-0.0370973,1.3176
-0.311542,-0.0370956,1.31761
-0.311542,-0.0370956,1.31761
-0.311555,-0.0370947,1.31762
-0.311555,-0.0370947,1.31762
-0.311567,-0.0370941,1.31764
-0.311567,-0.0370941,1.31764
-0.311577,-0.0370938,1.31764
-0.311577,-0.0370938,1.31764
-0.311585,-0.0370935,1.31765
-0.311585,-0.0370935,1.31765
-0.311593,-0.0370933,1.31766
-0.311593,-0.0370933,1.31766
-0.311599,-0.0370932,1.31766
-0.311599,-0.0370932,1.31766
-0.311605,-0.037093,1.31767
-0.311605,-0.037093,1.31767
-0.311611,-0.0370928,1.31767
-0.311611,-0.0370928,1.31767
-0.311616,-0.0370927,1.31767
-0.311616,-0.0370927,1.31767
-0.31162,-0.0370925,1.31768
-0.31162,-0.0370925,1.31768
-0.311624,-0.0370923,1.31768
-0.311624,-0.0370923,1.31768
-0.311628,-0.0370922,1.31768
-0.311628,-0.0370922,1.31768
-0.311631,-0.037092,1.31768
-0.311631,-0.037092,1.31768
-0.311634,-0.0370918,1.31768
-0.311634,-0.0370918,1.31768
-0.311637,-0.0370917,1.31769
-0.311637,-0.0370917,1.31769
-0.311639,-0.0370915,1.31769
-0.311639,-0.0370915,1.31769
-0.311641,-0.0370913,1.31769
-0.311641,-0.0370913,1.31769
-0.311643,-0.0370912,1.31769
-0.311643,-0.0370912,1.31769
-0.311645,-0.037091,1.31769
-0.311645,-0.037091,1.31769
-0.311646,-0.0370909,1.31769
-0.311646,-0.0370909,1.31769
-0.311648,-0.0370907,1.31769
-0.311648,-0.0370907,1.31769
-0.311649,-0.0370905,1.31769
-0.311649,-0.0370905,1.31769
-0.31165,-0.0370904,1.31769
-0.31165,-0.0370904,1.31769
-0.311651,-0.0370902,1.31769
-0.311651,-0.0370902,1.31769
-0.311652,-0.03709,1.31769
-0.311652,-0.03709,1.31769
-0.311653,-0.0370899,1.31769
-0.311653,-0.0370899,1.31769
-0.311653,-0.0370897,1.31769
-0.311653,-0.0370897,1.31769
-0.311654,-0.0370895,1.31769
-0.311654,-0.0370895,1.31769
-0.311655,-0.0370894,1.31769
-0.311655,-0.0370894,1.31769
-0.311655,-0.0370892,1.31769
-0.311655,-0.0370892,1.31769
-0.311656,-0.037089,1.31769
-0.311656,-0.037089,1.31769
-0.311656,-0.0370889,1.31769
-0.311656,-0.0370889,1.31769
-0.311657,-0.0370887,1.31769
-0.311657,-0.0370887,1.31769
-0.311657,-0.0370886,1.31769
-0.311657,-0.0370886,1.31769
-0.311657,-0.0370884,1.31769
-0.311657,-0.0370884,1.31769
-0.311657,-0.0370882,1.31769
-0.311657,-0.0370882,1.31769
-0.311658,-0.0370881,1.31769
-0.311658,-0.0370881,1.31769
-0.311658,-0.0370879,1.31769
-0.311658,-0.0370879,1.31769
-0.311658,-0.0370878,1.31769
-0.311658,-0.0370878,1.31769
-0.311658,-0.0370876,1.31769
-0.311658,-0.0370876,1.31769
-0.311658,-0.0370874,1.31769
-0.311658,-0.0370874,1.31769
-0.311658,-0.0370873,1.31769
-0.311658,-0.0370873,1.31769
-0.311659,-0.0370871,1.31769
-0.311659,-0.0370871,1.31769
-0.311659,-0.037087,1.31769
-0.311659,-0.037087,1.31769
-0.311659,-0.0370868,1.31769
-0.311659,-0.0370868,1.31769
-0.311659,-0.0370866,1.31769
-0.311659,-0.0370866,1.31769
-0.311659,-0.0370865,1.31769
-0.311659,-0.0370865,1.31769
-0.311659,-0.0370863,1.31769
-0.311659,-0.0370863,1.31769
-0.311659,-0.0370861,1.31769
-0.311659,-0.0370861,1.31769
-0.311659,-0.037086,1.31769
-0.311659,-0.037086,1.31769
-0.311659,-0.0370858,1.31769
-0.311659,-0.0370858,1.31769
-0.311659,-0.0370856,1.31769
-0.311659,-0.0370856,1.31769
-0.311659,-0.0370855,1.31769
-0.311659,-0.0370855,1.31769
-0.311659,-0.0370853,1.31769
-0.311659,-0.0370853,1.31769
-0.311659,-0.0370852,1.31769
-0.311659,-0.0370852,1.31769
-0.311659,-0.037085,1.31769
-0.311659,-0.037085,1.31769
-0.311659,-0.0370848,1.31769
-0.311659,-0.0370848,1.31769
-0.311659,-0.0370847,1.31769
-0.311659,-0.0370847,1.31769
-0.311659,-0.0370845,1.31769
-0.311659,-0.0370845,1.31769
-0.311659,-0.0370843,1.31769
-0.311659,-0.0370843,1.31769
-0.311659,-0.0370842,1.31769
-0.311659,-0.0370842,1.31769
-0.311659,-0.037084,1.31769
-0.311659,-0.037084,1.31769
-0.311659,-0.0370839,1.31769
-0.311659,-0.0370839,1.31769
-0.311659,-0.0370837,1.31769
-0.311659,-0.0370837,1.31769
-0.311659,-0.0370835,1.31769
-0.311659,-0.0370835,1.31769
-0.311659,-0.0370834,1.31769
-0.311659,-0.0370834,1.31769
-0.311659,-0.0370832,1.31769
-0.311659,-0.0370832,1.31769
-0.311659,-0.037083,1.31769
-0.311659,-0.037083,1.31769
-0.311659,-0.0370829,1.31769
-0.311659,-0.0370829,1.31769
-0.311659,-0.0370827,1.31769
-0.311659,-0.0370827,1.31769
-0.311659,-0.0370826,1.31769
-0.311659,-0.0370826,1.31769
-0.311659,-0.0370824,1.31769
-0.311659,-0.0370824,1.31769
-0.311659,-0.0370822,1.31769
-0.311659,-0.0370822,1.31769
-0.311659,-0.0370821,1.31769
-0.311659,-0.0370821,1.31769
-0.311659,-0.0370819,1.31769
-0.311659,-0.0370819,1.31769
-0.311659,-0.0370817,1.31769
-0.311659,-0.0370817,1.31769
-0.311659,-0.0370816,1.31769
-0.311659,-0.0370816,1.31769
-0.311659,-0.0370814,1.31769
-0.311659,-0.0370814,1.31769
-0.311659,-0.0370813,1.31769
-0.311659,-0.0370813,1.31769
-0.311659,-0.0370811,1.31769
-0.311659,-0.0370811,1.31769
-0.311659,-0.0370809,1.31769
-0.311659,-0.0370809,1.31769
-0.311659,-0.0370808,1.31769
-0.311659,-0.0370808,1.31769
-0.311659,-0.0370806,1.31769
-0.311659,-0.0370806,1.31769
-0.311659,-0.0370804,1.31768
-0.311659,-0.0370804,1.31768
-0.311659,-0.0370803,1.31768
-0.311659,-0.0370803,1.31768
-0.311659,-0.0370801,1.31768
-0.311659,-0.0370801,1.31768
-0.311659,-0.0370799,1.31768
-0.311659,-0.0370799,1.31768
-0.311659,-0.0370798,1.31768
-0.311659,-0.0370798,1.31768
-0.311659,-0.0370796,1.31768
-0.311659,-0.0370796,1.31768
-0.311658,-0.0370795,1.31768
-0.311658,-0.0370795,1.31768
-0.311658,-0.0370793,1.31768
-0.311658,-0.0370793,1.31768
-0.311658,-0.0370791,1.31768
-0.311658,-0.0370791,1.31768
-0.311658,-0.037079,1.31768
-0.311658,-0.037079,1.31768
-0.311658,-0.0370788,1.31768
-0.311658,-0.0370788,1.31768
-0.311658,-0.0370786,1.31768
-0.311658,-0.0370786,1.31768
-0.311658,-0.0370785,1.31768
-0.311658,-0.0370785,1.31768
-0.311658,-0.0370783,1.31768
-0.311658,-0.0370783,1.31768
-0.311658,-0.0370782,1.31768
-0.311658,-0.0370782,1.31768
-0.311658,-0.037078,1.31768
-0.311658,-0.037078,1.31768
-0.311658,-0.0370778,1.31768
-0.311658,-0.0370778,1.31768
-0.311658,-0.0370777,1.31768
-0.311658,-0.0370777,1.31768
-0.311658,-0.0370775,1.31768
-0.311658,-0.0370775,1.31768
-0.311658,-0.0370773,1.31768
-0.311658,-0.0370773,1.31768
-0.311658,-0.0370772,1.31768
-0.311658,-0.0370772,1.31768
-0.311658,-0.037077,1.31768
-0.311658,-0.037077,1.31768
-0.311658,-0.0370769,1.31768
-0.311658,-0.0370769,1.31768
-0.311658,-0.0370767,1.31768
-0.311658,-0.0370767,1.31768
-0.311658,-0.0370765,1.31768
-0.311658,-0.0370765,1.31768
-0.311658,-0.0370764,1.31768
-0.311658,-0.0370764,1.31768
-0.311658,-0.0370762,1.31768
-0.311658,-0.0370762,1.31768
-0.311658,-0.037076,1.31768
-0.311658,-0.037076,1.31768
-0.311658,-0.0370759,1.31768
-0.311658,-0.0370759,1.31768
-0.311658,-0.0370757,1.31768
-0.311658,-0.0370757,1.31768
-0.311658,-0.0370756,1.31768
-0.311658,-0.0370756,1.31768
-0.311658,-0.0370754,1.31768
-0.311658,-0.0370754,1.31768
-0.311658,-0.0370752,1.31768
-0.311658,-0.0370752,1.31768
-0.311658,-0.0370751,1.31768
-0.311658,-0.0370751,1.31768
-0.311658,-0.0370749,1.31768
-0.311658,-0.0370749,1.31768
-0.311658,-0.0370747,1.31768
-0.311658,-0.0370747,1.31768
-0.311658,-0.0370746,1.31768
-0.311658,-0.0370746,1.31768
-0.311658,-0.0370744,1.31768
-0.311658,-0.0370744,1.31768
-0.311658,-0.0370742,1.31768
-0.311658,-0.0370742,1.31768
-0.311658,-0.0370741,1.31768
-0.311658,-0.0370741,1.31768
-0.311658,-0.0370739,1.31768
-0.311658,-0.0370739,1.31768
-0.311658,-0.0370738,1.31768
-0.311658,-0.0370738,1.31768
-0.311658,-0.0370736,1.31768
-0.311658,-0.0370736,1.31768
-0.311658,-0.0370734,1.31768
-0.311658,-0.0370734,1.31768
-0.311658,-0.0370733,1.31768
-0.311658,-0.0370733,1.31768
-0.311658,-0.0370731,1.31768
-0.311658,-0.0370731,1.31768
-0.311658,-0.0370729,1.31768
-0.311658,-0.0370729,1.31768
-0.311658,-0.0370728,1.31768
-0.311658,-0.0370728,1.31768
-0.311658,-0.0370726,1.31768
-0.311658,-0.0370726,1.31768
-0.311658,-0.0370725,1.31768
-0.311658,-0.0370725,1.31768
-0.311658,-0.0370723,1.31768
-0.311658,-0.0370723,1.31768
-0.311658,-0.0370721,1.31768
-0.311658,-0.0370721,1.31768
-0.311658,-0.037072,1.31768
-0.311658,-0.037072,1.31768
-0.311658,-0.0370718,1.31768
-0.311658,-0.0370718,1.31768
-0.311658,-0.0370716,1.31768
-0.311658,-0.0370716,1.31768
-0.311657,-0.0370715,1.31768
-0.311657,-0.0370715,1.31768
-0.311657,-0.0370713,1.31767
-0.311657,-0.0370713,1.31767
-0.311657,-0.0370712,1.31767
-0.311657,-0.0370712,1.31767
-0.311657,-0.037071,1.31767
-0.311657,-0.037071,1.31767
-0.311657,-0.0370708,1.31767
-0.311657,-0.0370708,1.31767
-0.311657,-0.0370707,1.31767
-0.311657,-0.0370707,1.31767
-0.311657,-0.0370705,1.31767
-0.311657,-0.0370705,1.31767
-0.311657,-0.0370703,1.31767
-0.311657,-0.0370703,1.31767
-0.311657,-0.0370702,1.31767
-0.311657,-0.0370702,1.31767
-0.311657,-0.03707,1.31767
-0.311657,-0.03707,1.31767
-0.311657,-0.0370699,1.31767
-0.311657,-0.0370699,1.31767
-0.311657,-0.0370697,1.31767
-0.311657,-0.0370697,1.31767
-0.311657,-0.0370695,1.31767
-0.311657,-0.0370695,1.31767
-0.311657,-0.0370694,1.31767
-0.311657,-0.0370694,1.31767
-0.311657,-0.0370692,1.31767
-0.311657,-0.0370692,1.31767
-0.311657,-0.037069,1.31767
-0.311657,-0.037069,1.31767
-0.311657,-0.0370689,1.31767
-0.311657,-0.0370689,1.31767
-0.311657,-0.0370687,1.31767
-0.311657,-0.0370687,1.31767
-0.311657,-0.0370685,1.31767
-0.311657,-0.0370685,1.31767
-0.311657,-0.0370684,1.31767
-0.311657,-0.0370684,1.31767
-0.311657,-0.0370682,1.31767
-0.311657,-0.0370682,1.31767
-0.311657,-0.0370681,1.31767
-0.311657,-0.0370681,1.31767
-0.311657,-0.0370679,1.31767
-0.311657,-0.0370679,1.31767
-0.311657,-0.0370677,1.31767
-0.311657,-0.0370677,1.31767
-0.311657,-0.0370676,1.31767
-0.311657,-0.0370676,1.31767
-0.311657,-0.0370674,1.31767
-0.311657,-0.0370674,1.31767
-0.311657,-0.0370672,1.31767
-0.311657,-0.0370672,1.31767
-0.311657,-0.0370671,1.31767
-0.311657,-0.0370671,1.31767
-0.311657,-0.0370669,1.31767
-0.311657,-0.0370669,1.31767
-0.311657,-0.0370668,1.31767
-0.311657,-0.0370668,1.31767
-0.311657,-0.0370666,1.31767
-0.311657,-0.0370666,1.31767
-0.311657,-0.0370664,1.31767
-0.311657,-0.0370664,1.31767
-0.311657,-0.0370663,1.31767
-0.311657,-0.0370663,1.31767
-0.311657,-0.0370661,1.31767
-0.311657,-0.0370661,1.31767
-0.311657,-0.0370659,1.31767
-0.311657,-0.0370659,1.31767
-0.311657,-0.0370658,1.31767
-0.311657,-0.0370658,1.31767
-0.311657,-0.0370656,1.31767
-0.311657,-0.0370656,1.31767
-0.311657,-0.0370655,1.31767
-0.311657,-0.0370655,1.31767
-0.311657,-0.0370653,1.31767
-0.311657,-0.0370653,1.31767
-0.311657,-0.0370651,1.31767
-0.311657,-0.0370651,1.31767
-0.311657,-0.037065,1.31767
-0.311657,-0.037065,1.31767
-0.311657,-0.0370648,1.31767
-0.311657,-0.0370648,1.31767
-0.311657,-0.0370646,1.31767
-0.311657,-0.0370646,1.31767
-0.311657,-0.0370645,1.31767
-0.311657,-0.0370645,1.31767
-0.311657,-0.0370643,1.31767
-0.311657,-0.0370643,1.31767
-0.311657,-0.0370641,1.31767
-0.311657,-0.0370641,1.31767
-0.311657,-0.037064,1.31767
-0.311657,-0.037064,1.31767
-0.311657,-0.0370638,1.31767
-0.311657,-0.0370638,1.31767
-0.311657,-0.0370637,1.31767
-0.311657,-0.0370637,1.31767
-0.311657,-0.0370635,1.31767
-0.311657,-0.0370635,1.31767
-0.311656,-0.0370633,1.31767
-0.311656,-0.0370633,1.31767
-0.311656,-0.0370632,1.31767
-0.311656,-0.0370632,1.31767
-0.311656,-0.037063,1.31767
-0.311656,-0.037063,1.31767
-0.311656,-0.0370628,1.31767
-0.311656,-0.0370628,1.31767
-0.311656,-0.0370627,1.31767
-0.311656,-0.0370627,1.31767
-0.311656,-0.0370625,1.31767
-0.311656,-0.0370625,1.31767
-0.311656,-0.0370624,1.31767
-0.311656,-0.0370624,1.31767
-0.311656,-0.0370622,1.31766
-0.311656,-0.0370622,1.31766
-0.311656,-0.037062,1.31766
-0.311656,-0.037062,1.31766
-0.311656,-0.0370619,1.31766
-0.311656,-0.0370619,1.31766
-0.311656,-0.0370617,1.31766
-0.311656,-0.0370617,1.31766
-0.311656,-0.0370615,1.31766
-0.311656,-0.0370615,1.31766
-0.311656,-0.0370614,1.31766
-0.311656,-0.0370614,1.31766
-0.311656,-0.0370612,1.31766
-0.311656,-0.0370612,1.31766
-0.311656,-0.0370611,1.31766
-0.311656,-0.0370611,1.31766
-0.311656,-0.0370609,1.31766
-0.311656,-0.0370609,1.31766
-0.311656,-0.0370607,1.31766
-0.311656,-0.0370607,1.31766
-0.311656,-0.0370606,1.31766
-0.311656,-0.0370606,1.31766
-0.311656,-0.0370604,1.31766
-0.311656,-0.0370604,1.31766
-0.311656,-0.0370602,1.31766
-0.311656,-0.0370602,1.31766
-0.311656,-0.0370601,1.31766
-0.311656,-0.0370601,1.31766
-0.311656,-0.0370599,1.31766
-0.311656,-0.0370599,1.31766
-0.311656,-0.0370597,1.31766
-0.311656,-0.0370597,1.31766
-0.311656,-0.0370596,1.31766
-0.311656,-0.0370596,1.31766
-0.311656,-0.0370594,1.31766
-0.311656,-0.0370594,1.31766
-0.311656,-0.0370593,1.31766
-0.311656,-0.0370593,1.31766
-0.311656,-0.0370591,1.31766
-0.311656,-0.0370591,1.31766
-0.311656,-0.0370589,1.31766
-0.311656,-0.0370589,1.31766
-0.311656,-0.0370588,1.31766
-0.311656,-0.0370588,1.31766
-0.311656,-0.0370586,1.31766
-0.311656,-0.0370586,1.31766
-0.311656,-0.0370584,1.31766
-0.311656,-0.0370584,1.31766
-0.311656,-0.0370583,1.31766
-0.311656,-0.0370583,1.31766
-0.311656,-0.0370581,1.31766
-0.311656,-0.0370581,1.31766
-0.311656,-0.037058,1.31766
-0.311656,-0.037058,1.31766
-0.311656,-0.0370578,1.31766
-0.311656,-0.0370578,1.31766
-0.311656,-0.0370576,1.31766
-0.311656,-0.0370576,1.31766
-0.311656,-0.0370575,1.31766
-0.311656,-0.0370575,1.31766
-0.311656,-0.0370573,1.31766
-0.311656,-0.0370573,1.31766
-0.311656,-0.0370571,1.31766
-0.311656,-0.0370571,1.31766
-0.311656,-0.037057,1.31766
-0.311656,-0.037057,1.31766
-0.311656,-0.0370568,1.31766
-0.311656,-0.0370568,1.31766
-0.311656,-0.0370567,1.31766
-0.311656,-0.0370567,1.31766
-0.311656,-0.0370565,1.31766
-0.311656,-0.0370565,1.31766
-0.311656,-0.0370563,1.31766
-0.311656,-0.0370563,1.31766
-0.311656,-0.0370562,1.31766
-0.311656,-0.0370562,1.31766
-0.311656,-0.037056,1.31766
-0.311656,-0.037056,1.31766
-0.311656,-0.0370558,1.31766
-0.311656,-0.0370558,1.31766
-0.311656,-0.0370557,1.31766
-0.311656,-0.0370557,1.31766
-0.311655,-0.0370555,1.31766
-0.311655,-0.0370555,1.31766
-0.311655,-0.0370554,1.31766
-0.311655,-0.0370554,1.31766
-0.311655,-0.0370552,1.31766
-0.311655,-0.0370552,1.31766
-0.311655,-0.037055,1.31766
-0.311655,-0.037055,1.31766
-0.311655,-0.0370549,1.31766
-0.311655,-0.0370549,1.31766
-0.311655,-0.0370547,1.31766
-0.311655,-0.0370547,1.31766
-0.311655,-0.0370545,1.31766
-0.311655,-0.0370545,1.31766
-0.311655,-0.0370544,1.31766
-0.311655,-0.0370544,1.31766
-0.311655,-0.0370542,1.31766
-0.311655,-0.0370542,1.31766
-0.311655,-0.037054,1.31766
-0.311655,-0.037054,1.31766
-0.311655,-0.0370539,1.31766
-0.311655,-0.0370539,1.31766
-0.311655,-0.0370537,1.31766
-0.311655,-0.0370537,1.31766
-0.311655,-0.0370536,1.31766
-0.311655,-0.0370536,1.31766
-0.311655,-0.0370534,1.31766
-0.311655,-0.0370534,1.31766
-0.311655,-0.0370532,1.31766
-0.311655,-0.0370532,1.31766
-0.311655,-0.0370531,1.31766
-0.311655,-0.0370531,1.31766
-0.311655,-0.0370529,1.31765
-0.311655,-0.0370529,1.31765
-0.311655,-0.0370527,1.31765
-0.311655,-0.0370527,1.31765
-0.311655,-0.0370526,1.31765
-0.311655,-0.0370526,1.31765
-0.311655,-0.0370524,1.31765
-0.311655,-0.0370524,1.31765
-0.311655,-0.0370523,1.31765
-0.311655,-0.0370523,1.31765
-0.311655,-0.0370521,1.31765
-0.311655,-0.0370521,1.31765
-0.311655,-0.0370519,1.31765
-0.311655,-0.0370519,1.31765
-0.311655,-0.0370518,1.31765
-0.311655,-0.0370518,1.31765
-0.311655,-0.0370516,1.31765
-0.311655,-0.0370516,1.31765
-0.311655,-0.0370514,1.31765
-0.311655,-0.0370514,1.31765
-0.311655,-0.0370513,1.31765
-0.311655,-0.0370513,1.31765
-0.311655,-0.0370511,1.31765
-0.311655,-0.0370511,1.31765
-0.311655,-0.037051,1.31765
-0.311655,-0.037051,1.31765
-0.311655,-0.0370508,1.31765
-0.311655,-0.0370508,1.31765
-0.311655,-0.0370506,1.31765
-0.311655,-0.0370506,1.31765
-0.311655,-0.0370505,1.31765
-0.311655,-0.0370505,1.31765
-0.311655,-0.0370503,1.31765
-0.311655,-0.0370503,1.31765
-0.311655,-0.0370501,1.31765
-0.311655,-0.0370501,1.31765
-0.311655,-0.03705,1.31765
-0.311655,-0.03705,1.31765
-0.311655,-0.0370498,1.31765
-0.311655,-0.0370498,1.31765
-0.311655,-0.0370497,1.31765
-0.311655,-0.0370497,1.31765
-0.311655,-0.0370495,1.31765
-0.311655,-0.0370495,1.31765
-0.311655,-0.0370493,1.31765
-0.311655,-0.0370493,1.31765
-0.311655,-0.0370492,1.31765
-0.311655,-0.0370492,1.31765
-0.311655,-0.037049,1.31765
-0.311655,-0.037049,1.31765
-0.311655,-0.0370488,1.31765
-0.311655,-0.0370488,1.31765
-0.311655,-0.0370487,1.31765
-0.311655,-0.0370487,1.31765
-0.311655,-0.0370485,1.31765
-0.311655,-0.0370485,1.31765
-0.311655,-0.0370483,1.31765
-0.311655,-0.0370483,1.31765
-0.311655,-0.0370482,1.31765
-0.311655,-0.0370482,1.31765
-0.311655,-0.037048,1.31765
-0.311655,-0.037048,1.31765
-0.311655,-0.0370479,1.31765
-0.311655,-0.0370479,1.31765
-0.311655,-0.0370477,1.31765
-0.311655,-0.0370477,1.31765
-0.311655,-0.0370475,1.31765
-0.311655,-0.0370475,1.31765
-0.311655,-0.0370474,1.31765
-0.311655,-0.0370474,1.31765
-0.311654,-0.0370472,1.31765
-0.311654,-0.0370472,1.31765
