0.39474,-0.0691663,2.33872
0.39474,-0.0691663,2.33872
0.39474,-0.0691663,2.33872
0.39474,-0.0691663,2.33872
0.39474,-0.0691663,2.33872
0.39474,-0.0691663,2.33872
0.446262,0.054962,2.16225
0.446262,0.054962,2.16225
0.329786,0.126297,2.29957
0.329786,0.126297,2.29957
0.328185,0.127439,2.29351
0.328185,0.127439,2.29351
0.330006,0.127525,2.29265
0.330006,0.127525,2.29265
0.329739,0.126896,2.28286
0.329739,0.126896,2.28286
0.328241,0.12717,2.28074
0.328241,0.12717,2.28074
0.326952,0.127692,2.27663
0.326952,0.127692,2.27663
0.327285,0.127258,2.27356
0.327285,0.127258,2.27356
0.327256,0.126371,2.27104
0.327256,0.126371,2.27104
0.327421,0.125753,2.2666
0.327421,0.125753,2.2666
0.325109,0.125716,2.264
0.325109,0.125716,2.264
0.324421,0.126301,2.26609
0.324421,0.126301,2.26609
0.324455,0.126246,2.26788
0.324455,0.126246,2.26788
0.326359,0.124441,2.2695
0.326359,0.124441,2.2695
0.325029,0.122772,2.26464
0.325029,0.122772,2.26464
0.32593,0.121745,2.26258
0.32593,0.121745,2.26258
0.327445,0.121728,2.26374
0.327445,0.121728,2.26374
0.326573,0.124047,2.26717
0.326573,0.124047,2.26717
0.328695,0.12576,2.27542
0.328695,0.12576,2.27542
0.327977,0.127502,2.27882
0.327977,0.127502,2.27882
0.327262,0.128601,2.27964
0.327262,0.128601,2.27964
0.330146,0.128408,2.27597
0.330146,0.128408,2.27597
0.330394,0.127357,2.27259
0.330394,0.127357,2.27259
0.331845,0.122593,2.26816
0.331845,0.122593,2.26816
0.336209,0.11896,2.25944
0.336209,0.11896,2.25944
0.341651,0.11564,2.24814
0.341651,0.11564,2.24814
0.34776,0.10881,2.22769
0.34776,0.10881,2.22769
0.357027,0.0988638,2.19635
0.357027,0.0988638,2.19635
0.368068,0.0859629,2.15712
0.368068,0.0859629,2.15712
0.372974,0.0544074,2.11937
0.372974,0.0544074,2.11937
0.376065,0.021376,2.08743
0.376065,0.021376,2.08743
0.376408,-0.0142563,2.0712
0.376408,-0.0142563,2.0712
0.374708,-0.0458877,2.06567
0.374708,-0.0458877,2.06567
0.368423,-0.0768562,2.06672
0.368423,-0.0768562,2.06672
0.361759,-0.104299,2.06528
0.361759,-0.104299,2.06528
0.340117,-0.106694,2.1473
0.340117,-0.106694,2.1473
0.326248,-0.116327,2.18238
0.326248,-0.116327,2.18238
0.3182,-0.134609,2.17942
0.3182,-0.134609,2.17942
0.313506,-0.161889,2.17065
0.313506,-0.161889,2.17065
0.304875,-0.184116,2.17406
0.304875,-0.184116,2.17406
0.296425,-0.199113,2.18483
0.296425,-0.199113,2.18483
0.287491,-0.207449,2.19019
0.287491,-0.207449,2.19019
0.280303,-0.211396,2.19471
0.280303,-0.211396,2.19471
0.274641,-0.206101,2.19876
0.274641,-0.206101,2.19876
0.270278,-0.20243,2.19895
0.270278,-0.20243,2.19895
0.267187,-0.20134,2.19821
0.267187,-0.20134,2.19821
0.264876,-0.201126,2.19927
0.264876,-0.201126,2.19927
0.262848,-0.201206,2.20172
0.262848,-0.201206,2.20172
0.261594,-0.200961,2.20505
0.261594,-0.200961,2.20505
0.262599,-0.200378,2.20566
0.262599,-0.200378,2.20566
0.262389,-0.199833,2.20213
0.262389,-0.199833,2.20213
0.262582,-0.200361,2.20508
0.262582,-0.200361,2.20508
0.262841,-0.199669,2.20416
0.262841,-0.199669,2.20416
0.263124,-0.199239,2.20531
0.263124,-0.199239,2.20531
0.26326,-0.200376,2.20548
0.26326,-0.200376,2.20548
0.262675,-0.19931,2.20533
0.262675,-0.19931,2.20533
0.262956,-0.200067,2.20845
0.262956,-0.200067,2.20845
0.262566,-0.199818,2.21134
0.262566,-0.199818,2.21134
0.261976,-0.20018,2.20863
0.261976,-0.20018,2.20863
0.261589,-0.200936,2.20624
0.261589,-0.200936,2.20624
0.261423,-0.200949,2.20682
0.261423,-0.200949,2.20682
0.261679,-0.201032,2.20393
0.261679,-0.201032,2.20393
0.261546,-0.199876,2.20389
0.261546,-0.199876,2.20389
0.261498,-0.20027,2.20205
0.261498,-0.20027,2.20205
0.261078,-0.200288,2.20072
0.261078,-0.200288,2.20072
0.260034,-0.201804,2.20289
0.260034,-0.201804,2.20289
0.260172,-0.20192,2.20605
0.260172,-0.20192,2.20605
0.260036,-0.200813,2.20517
0.260036,-0.200813,2.20517
0.259674,-0.200126,2.20372
0.259674,-0.200126,2.20372
0.260013,-0.19907,2.20526
0.260013,-0.19907,2.20526
0.261159,-0.199324,2.20406
0.261159,-0.199324,2.20406
0.262419,-0.199643,2.20499
0.262419,-0.199643,2.20499
0.262982,-0.200083,2.20423
0.262982,-0.200083,2.20423
0.262523,-0.200123,2.20274
0.262523,-0.200123,2.20274
0.262313,-0.199807,2.20089
0.262313,-0.199807,2.20089
0.26189,-0.199,2.19668
0.26189,-0.199,2.19668
0.262608,-0.198554,2.19492
0.262608,-0.198554,2.19492
0.262598,-0.19862,2.19461
0.262598,-0.19862,2.19461
0.262267,-0.199232,2.19427
0.262267,-0.199232,2.19427
0.262958,-0.200038,2.19612
0.262958,-0.200038,2.19612
0.263038,-0.199849,2.19887
0.263038,-0.199849,2.19887
0.263913,-0.198467,2.19927
0.263913,-0.198467,2.19927
0.263931,-0.199343,2.19991
0.263931,-0.199343,2.19991
0.264059,-0.199342,2.19873
0.264059,-0.199342,2.19873
0.263979,-0.198829,2.19669
0.263979,-0.198829,2.19669
0.264597,-0.197994,2.19515
0.264597,-0.197994,2.19515
0.264405,-0.198125,2.19558
0.264405,-0.198125,2.19558
0.265156,-0.198446,2.19586
0.265156,-0.198446,2.19586
0.264513,-0.197771,2.19469
0.264513,-0.197771,2.19469
0.264955,-0.196929,2.19526
0.264955,-0.196929,2.19526
0.264828,-0.197181,2.19586
0.264828,-0.197181,2.19586
0.265121,-0.196512,2.19639
0.265121,-0.196512,2.19639
0.265018,-0.196744,2.19504
0.265018,-0.196744,2.19504
0.265143,-0.195711,2.19629
0.265143,-0.195711,2.19629
0.265935,-0.195614,2.19741
0.265935,-0.195614,2.19741
0.265628,-0.196054,2.19552
0.265628,-0.196054,2.19552
0.265513,-0.196653,2.19505
0.265513,-0.196653,2.19505
0.265776,-0.195841,2.19452
0.265776,-0.195841,2.19452
0.266042,-0.196112,2.19416
0.266042,-0.196112,2.19416
0.265777,-0.195786,2.19516
0.265777,-0.195786,2.19516
0.266031,-0.195353,2.19463
0.266031,-0.195353,2.19463
0.265321,-0.19628,2.19289
0.265321,-0.19628,2.19289
0.265167,-0.196126,2.19193
0.265167,-0.196126,2.19193
0.265755,-0.195896,2.19421
0.265755,-0.195896,2.19421
0.266151,-0.195957,2.19429
0.266151,-0.195957,2.19429
0.265453,-0.197171,2.1931
0.265453,-0.197171,2.1931
0.265818,-0.196666,2.19226
0.265818,-0.196666,2.19226
0.266145,-0.197604,2.19395
0.266145,-0.197604,2.19395
0.265695,-0.197103,2.1963
0.265695,-0.197103,2.1963
0.265692,-0.197145,2.19656
0.265692,-0.197145,2.19656
0.265621,-0.197332,2.1988
0.265621,-0.197332,2.1988
0.265343,-0.197213,2.19676
0.265343,-0.197213,2.19676
0.265123,-0.19597,2.19437
0.265123,-0.19597,2.19437
0.26519,-0.196341,2.19087
0.26519,-0.196341,2.19087
0.265592,-0.197081,2.1914
0.265592,-0.197081,2.1914
0.265892,-0.196986,2.19255
0.265892,-0.196986,2.19255
0.265696,-0.197706,2.19019
0.265696,-0.197706,2.19019
0.265543,-0.198142,2.19329
0.265543,-0.198142,2.19329
0.265381,-0.197973,2.19407
0.265381,-0.197973,2.19407
0.265425,-0.197625,2.19456
0.265425,-0.197625,2.19456
0.265641,-0.197448,2.19507
0.265641,-0.197448,2.19507
0.265452,-0.197342,2.19239
0.265452,-0.197342,2.19239
0.266203,-0.196744,2.19202
0.266203,-0.196744,2.19202
0.266536,-0.195802,2.19147
0.266536,-0.195802,2.19147
0.266425,-0.196415,2.19393
0.266425,-0.196415,2.19393
0.265965,-0.197268,2.19473
0.265965,-0.197268,2.19473
0.265594,-0.197629,2.19406
0.265594,-0.197629,2.19406
0.264692,-0.195528,2.18803
0.264692,-0.195528,2.18803
0.266291,-0.192945,2.1939
0.266291,-0.192945,2.1939
0.267176,-0.192263,2.1964
0.267176,-0.192263,2.1964
0.267148,-0.192053,2.19803
0.267148,-0.192053,2.19803
0.267214,-0.191715,2.20063
0.267214,-0.191715,2.20063
0.267093,-0.191767,2.19763
0.267093,-0.191767,2.19763
0.267852,-0.19232,2.19633
0.267852,-0.19232,2.19633
0.267639,-0.191202,2.19652
0.267639,-0.191202,2.19652
0.266875,-0.191993,2.19633
0.266875,-0.191993,2.19633
0.267377,-0.191734,2.19763
0.267377,-0.191734,2.19763
0.267128,-0.191438,2.19625
0.267128,-0.191438,2.19625
0.266683,-0.191327,2.19535
0.266683,-0.191327,2.19535
0.267717,-0.191635,2.1967
0.267717,-0.191635,2.1967
0.267416,-0.191304,2.19893
0.267416,-0.191304,2.19893
0.267008,-0.190276,2.1972
0.267008,-0.190276,2.1972
0.266804,-0.189952,2.19561
0.266804,-0.189952,2.19561
0.266593,-0.190795,2.19272
0.266593,-0.190795,2.19272
0.265977,-0.191221,2.19333
0.265977,-0.191221,2.19333
0.265723,-0.191265,2.19388
0.265723,-0.191265,2.19388
0.26588,-0.190107,2.19557
0.26588,-0.190107,2.19557
0.264601,-0.190634,2.18808
0.264601,-0.190634,2.18808
0.265038,-0.189952,2.19364
0.265038,-0.189952,2.19364
0.265787,-0.187943,2.19717
0.265787,-0.187943,2.19717
0.266617,-0.188061,2.19706
0.266617,-0.188061,2.19706
0.266249,-0.189135,2.19474
0.266249,-0.189135,2.19474
0.265651,-0.189439,2.1942
0.265651,-0.189439,2.1942
0.265682,-0.188874,2.19404
0.265682,-0.188874,2.19404
0.265872,-0.187798,2.19619
0.265872,-0.187798,2.19619
0.266058,-0.189252,2.1963
0.266058,-0.189252,2.1963
0.265852,-0.189822,2.19744
0.265852,-0.189822,2.19744
0.267556,-0.190439,2.19851
0.267556,-0.190439,2.19851
0.266472,-0.19066,2.19733
0.266472,-0.19066,2.19733
0.266214,-0.190307,2.19533
0.266214,-0.190307,2.19533
0.265968,-0.189693,2.19781
0.265968,-0.189693,2.19781
0.266314,-0.188927,2.19675
0.266314,-0.188927,2.19675
0.266536,-0.189562,2.19795
0.266536,-0.189562,2.19795
0.265352,-0.190719,2.19262
0.265352,-0.190719,2.19262
0.26624,-0.1907,2.19602
0.26624,-0.1907,2.19602
0.266531,-0.190345,2.19575
0.266531,-0.190345,2.19575
0.266561,-0.189622,2.1958
0.266561,-0.189622,2.1958
0.26642,-0.18954,2.19314
0.26642,-0.18954,2.19314
0.266496,-0.189442,2.19493
0.266496,-0.189442,2.19493
0.266156,-0.189945,2.19661
0.266156,-0.189945,2.19661
0.266198,-0.189344,2.19982
0.266198,-0.189344,2.19982
0.266666,-0.190192,2.19934
0.266666,-0.190192,2.19934
0.266274,-0.1905,2.20071
0.266274,-0.1905,2.20071
0.266405,-0.191001,2.20191
0.266405,-0.191001,2.20191
0.266282,-0.191546,2.20104
0.266282,-0.191546,2.20104
0.266563,-0.191517,2.20306
0.266563,-0.191517,2.20306
0.266888,-0.191369,2.20183
0.266888,-0.191369,2.20183
0.266903,-0.191479,2.20076
0.266903,-0.191479,2.20076
0.267307,-0.191137,2.20335
0.267307,-0.191137,2.20335
0.26734,-0.190694,2.20182
0.26734,-0.190694,2.20182
0.268657,-0.190662,2.20434
0.268657,-0.190662,2.20434
0.268598,-0.191495,2.20488
0.268598,-0.191495,2.20488
0.268087,-0.191727,2.20603
0.268087,-0.191727,2.20603
0.267736,-0.190858,2.20487
0.267736,-0.190858,2.20487
0.27098,-0.16513,2.23846
0.27098,-0.16513,2.23846
0.272815,-0.154404,2.25583
0.272815,-0.154404,2.25583
0.276548,-0.168321,2.26063
0.276548,-0.168321,2.26063
0.275624,-0.174854,2.24267
0.275624,-0.174854,2.24267
0.272974,-0.178184,2.22875
0.272974,-0.178184,2.22875
0.270514,-0.179361,2.22044
0.270514,-0.179361,2.22044
0.269731,-0.180839,2.21619
0.269731,-0.180839,2.21619
0.269438,-0.180551,2.21485
0.269438,-0.180551,2.21485
0.269268,-0.180348,2.21394
0.269268,-0.180348,2.21394
0.269777,-0.181452,2.21402
0.269777,-0.181452,2.21402
0.27013,-0.181676,2.21562
0.27013,-0.181676,2.21562
0.270231,-0.181668,2.21626
0.270231,-0.181668,2.21626
0.270373,-0.180743,2.21624
0.270373,-0.180743,2.21624
0.270351,-0.180969,2.2157
0.270351,-0.180969,2.2157
0.271694,-0.18061,2.21975
0.271694,-0.18061,2.21975
0.273818,-0.167569,2.2359
0.273818,-0.167569,2.2359
0.276946,-0.181327,2.23825
0.276946,-0.181327,2.23825
0.275425,-0.160072,2.26102
0.275425,-0.160072,2.26102
0.275629,-0.181872,2.25667
0.275629,-0.181872,2.25667
0.272089,-0.19359,2.23552
0.272089,-0.19359,2.23552
0.27342,-0.164242,2.26178
0.27342,-0.164242,2.26178
0.273899,-0.153239,2.26712
0.273899,-0.153239,2.26712
0.277892,-0.177534,2.26443
0.277892,-0.177534,2.26443
0.276075,-0.161823,2.27415
0.276075,-0.161823,2.27415
0.275051,-0.15527,2.27818
0.275051,-0.15527,2.27818
0.275123,-0.150719,2.27633
0.275123,-0.150719,2.27633
0.279856,-0.174483,2.27262
0.279856,-0.174483,2.27262
0.277103,-0.1799,2.25686
0.277103,-0.1799,2.25686
0.275286,-0.181354,2.24302
0.275286,-0.181354,2.24302
0.275612,-0.167942,2.2475
0.275612,-0.167942,2.2475
0.277153,-0.175665,2.24443
0.277153,-0.175665,2.24443
0.275187,-0.180113,2.2373
0.275187,-0.180113,2.2373
0.272554,-0.182085,2.22904
0.272554,-0.182085,2.22904
0.272,-0.182814,2.22566
0.272,-0.182814,2.22566
0.272529,-0.183497,2.22462
0.272529,-0.183497,2.22462
0.272873,-0.182782,2.22467
0.272873,-0.182782,2.22467
0.272399,-0.183268,2.22434
0.272399,-0.183268,2.22434
0.271783,-0.18357,2.22223
0.271783,-0.18357,2.22223
0.271446,-0.183244,2.22213
0.271446,-0.183244,2.22213
0.271944,-0.182764,2.22229
0.271944,-0.182764,2.22229
0.272264,-0.182956,2.22163
0.272264,-0.182956,2.22163
0.271475,-0.182694,2.21974
0.271475,-0.182694,2.21974
0.271307,-0.183133,2.22054
0.271307,-0.183133,2.22054
0.27212,-0.18296,2.22351
0.27212,-0.18296,2.22351
0.271559,-0.182404,2.22134
0.271559,-0.182404,2.22134
0.273749,-0.168466,2.23667
0.273749,-0.168466,2.23667
0.276687,-0.174685,2.24313
0.276687,-0.174685,2.24313
0.275284,-0.178299,2.23913
0.275284,-0.178299,2.23913
0.27425,-0.180226,2.23248
0.27425,-0.180226,2.23248
0.273872,-0.181858,2.22898
0.273872,-0.181858,2.22898
0.274017,-0.182461,2.2302
0.274017,-0.182461,2.2302
0.274329,-0.183602,2.22971
0.274329,-0.183602,2.22971
0.273941,-0.183022,2.22943
0.273941,-0.183022,2.22943
0.273804,-0.182577,2.22773
0.273804,-0.182577,2.22773
0.273569,-0.182179,2.22496
0.273569,-0.182179,2.22496
0.273546,-0.182288,2.22657
0.273546,-0.182288,2.22657
0.273297,-0.181939,2.22678
0.273297,-0.181939,2.22678
0.273471,-0.183396,2.22819
0.273471,-0.183396,2.22819
0.273806,-0.183255,2.23085
0.273806,-0.183255,2.23085
0.273753,-0.181847,2.22756
0.273753,-0.181847,2.22756
0.2739,-0.181875,2.22769
0.2739,-0.181875,2.22769
0.273316,-0.182819,2.22499
0.273316,-0.182819,2.22499
0.274628,-0.168673,2.23849
0.274628,-0.168673,2.23849
0.276964,-0.17671,2.24332
0.276964,-0.17671,2.24332
0.276279,-0.18047,2.23824
0.276279,-0.18047,2.23824
0.274774,-0.18241,2.23192
0.274774,-0.18241,2.23192
0.273315,-0.182922,2.22916
0.273315,-0.182922,2.22916
0.273074,-0.183013,2.22583
0.273074,-0.183013,2.22583
0.272114,-0.182899,2.22329
0.272114,-0.182899,2.22329
0.272786,-0.182834,2.22228
0.272786,-0.182834,2.22228
0.273109,-0.183179,2.22477
0.273109,-0.183179,2.22477
0.272984,-0.18319,2.22541
0.272984,-0.18319,2.22541
0.274462,-0.16886,2.23871
0.274462,-0.16886,2.23871
0.276631,-0.176213,2.24321
0.276631,-0.176213,2.24321
0.275591,-0.180718,2.24105
0.275591,-0.180718,2.24105
0.274333,-0.181114,2.23472
0.274333,-0.181114,2.23472
0.274031,-0.181484,2.23098
0.274031,-0.181484,2.23098
0.273546,-0.181206,2.22778
0.273546,-0.181206,2.22778
0.27342,-0.17993,2.22748
0.27342,-0.17993,2.22748
0.27306,-0.179989,2.22933
0.27306,-0.179989,2.22933
0.273468,-0.181269,2.2284
0.273468,-0.181269,2.2284
0.27336,-0.181929,2.22824
0.27336,-0.181929,2.22824
0.274643,-0.168235,2.24013
0.274643,-0.168235,2.24013
0.276941,-0.175618,2.24425
0.276941,-0.175618,2.24425
0.276141,-0.178974,2.23938
0.276141,-0.178974,2.23938
0.274981,-0.180846,2.23217
0.274981,-0.180846,2.23217
0.274162,-0.182313,2.22922
0.274162,-0.182313,2.22922
0.275051,-0.168419,2.24061
0.275051,-0.168419,2.24061
0.277406,-0.175867,2.24783
0.277406,-0.175867,2.24783
0.275724,-0.179532,2.24175
0.275724,-0.179532,2.24175
0.273781,-0.180392,2.23478
0.273781,-0.180392,2.23478
0.273868,-0.182015,2.22969
0.273868,-0.182015,2.22969
0.273417,-0.182415,2.22815
0.273417,-0.182415,2.22815
0.273647,-0.182767,2.22805
0.273647,-0.182767,2.22805
0.274023,-0.182514,2.23018
0.274023,-0.182514,2.23018
0.273823,-0.183079,2.22768
0.273823,-0.183079,2.22768
0.273757,-0.183103,2.22874
0.273757,-0.183103,2.22874
0.273722,-0.183313,2.2298
0.273722,-0.183313,2.2298
0.273629,-0.183695,2.2274
0.273629,-0.183695,2.2274
0.27164,-0.185448,2.21402
0.27164,-0.185448,2.21402
0.272347,-0.184603,2.21553
0.272347,-0.184603,2.21553
0.273166,-0.183558,2.22285
0.273166,-0.183558,2.22285
0.273512,-0.183695,2.22427
0.273512,-0.183695,2.22427
0.274085,-0.183183,2.22612
0.274085,-0.183183,2.22612
0.273685,-0.183532,2.22319
0.273685,-0.183532,2.22319
0.273606,-0.182552,2.22507
0.273606,-0.182552,2.22507
0.273552,-0.182422,2.22505
0.273552,-0.182422,2.22505
0.27379,-0.182381,2.22687
0.27379,-0.182381,2.22687
0.273802,-0.183063,2.22588
0.273802,-0.183063,2.22588
0.273531,-0.184001,2.22632
0.273531,-0.184001,2.22632
0.27338,-0.182971,2.22621
0.27338,-0.182971,2.22621
0.273886,-0.183628,2.2267
0.273886,-0.183628,2.2267
0.273777,-0.183919,2.22579
0.273777,-0.183919,2.22579
0.273434,-0.183075,2.22712
0.273434,-0.183075,2.22712
0.273608,-0.18381,2.22475
0.273608,-0.18381,2.22475
0.273518,-0.183671,2.22653
0.273518,-0.183671,2.22653
0.273133,-0.183143,2.22338
0.273133,-0.183143,2.22338
0.273437,-0.183832,2.22358
0.273437,-0.183832,2.22358
0.27469,-0.169178,2.23778
0.27469,-0.169178,2.23778
0.276075,-0.175526,2.24517
0.276075,-0.175526,2.24517
0.274581,-0.179532,2.23765
0.274581,-0.179532,2.23765
0.273614,-0.181261,2.22927
0.273614,-0.181261,2.22927
0.2737,-0.182396,2.22801
0.2737,-0.182396,2.22801
0.273701,-0.182004,2.22849
0.273701,-0.182004,2.22849
0.273565,-0.181593,2.22733
0.273565,-0.181593,2.22733
0.274104,-0.181933,2.23025
0.274104,-0.181933,2.23025
0.274251,-0.182234,2.2284
0.274251,-0.182234,2.2284
0.274418,-0.182848,2.23013
0.274418,-0.182848,2.23013
0.27392,-0.182085,2.22835
0.27392,-0.182085,2.22835
0.273817,-0.182857,2.2267
0.273817,-0.182857,2.2267
0.273522,-0.182357,2.2278
0.273522,-0.182357,2.2278
0.273402,-0.180941,2.227
0.273402,-0.180941,2.227
0.273869,-0.180848,2.22869
0.273869,-0.180848,2.22869
0.274344,-0.18131,2.23028
0.274344,-0.18131,2.23028
0.274629,-0.181785,2.23214
0.274629,-0.181785,2.23214
0.273232,-0.181172,2.22531
0.273232,-0.181172,2.22531
0.273548,-0.181963,2.22764
0.273548,-0.181963,2.22764
0.273657,-0.182263,2.2273
0.273657,-0.182263,2.2273
0.273212,-0.180963,2.22587
0.273212,-0.180963,2.22587
0.273721,-0.181174,2.22847
0.273721,-0.181174,2.22847
0.273521,-0.181859,2.22879
0.273521,-0.181859,2.22879
0.273303,-0.182271,2.22731
0.273303,-0.182271,2.22731
0.273457,-0.181877,2.22692
0.273457,-0.181877,2.22692
0.27376,-0.182206,2.22816
0.27376,-0.182206,2.22816
0.273652,-0.182576,2.22664
0.273652,-0.182576,2.22664
0.273669,-0.183086,2.22717
0.273669,-0.183086,2.22717
0.273569,-0.182505,2.2283
0.273569,-0.182505,2.2283
0.273254,-0.182604,2.22867
0.273254,-0.182604,2.22867
0.273724,-0.183331,2.23
0.273724,-0.183331,2.23
0.273704,-0.183276,2.2298
0.273704,-0.183276,2.2298
0.273619,-0.182822,2.23152
0.273619,-0.182822,2.23152
0.274434,-0.182921,2.23271
0.274434,-0.182921,2.23271
0.274238,-0.181389,2.23333
0.274238,-0.181389,2.23333
0.274724,-0.18203,2.23191
0.274724,-0.18203,2.23191
0.273882,-0.182559,2.22856
0.273882,-0.182559,2.22856
0.273636,-0.182158,2.22816
0.273636,-0.182158,2.22816
0.273129,-0.181411,2.22573
0.273129,-0.181411,2.22573
0.273424,-0.180448,2.22867
0.273424,-0.180448,2.22867
0.274227,-0.180484,2.23123
0.274227,-0.180484,2.23123
0.275909,-0.182404,2.2323
0.275909,-0.182404,2.2323
0.275261,-0.182704,2.2335
0.275261,-0.182704,2.2335
0.274569,-0.181395,2.23231
0.274569,-0.181395,2.23231
0.27518,-0.182073,2.23476
0.27518,-0.182073,2.23476
0.274963,-0.181291,2.23219
0.274963,-0.181291,2.23219
0.274734,-0.181281,2.23217
0.274734,-0.181281,2.23217
0.275337,-0.167906,2.24211
0.275337,-0.167906,2.24211
0.276611,-0.180269,2.24202
0.276611,-0.180269,2.24202
0.275086,-0.181242,2.23676
0.275086,-0.181242,2.23676
0.273028,-0.181652,2.22878
0.273028,-0.181652,2.22878
0.272097,-0.182814,2.22525
0.272097,-0.182814,2.22525
0.272554,-0.182269,2.2268
0.272554,-0.182269,2.2268
0.273288,-0.182246,2.22569
0.273288,-0.182246,2.22569
0.274609,-0.168392,2.23885
0.274609,-0.168392,2.23885
0.27693,-0.175978,2.24693
0.27693,-0.175978,2.24693
0.27539,-0.181021,2.23998
0.27539,-0.181021,2.23998
0.274274,-0.182613,2.23174
0.274274,-0.182613,2.23174
0.274002,-0.18235,2.22988
0.274002,-0.18235,2.22988
0.273766,-0.183338,2.22716
0.273766,-0.183338,2.22716
0.273593,-0.183161,2.22847
0.273593,-0.183161,2.22847
0.273262,-0.18254,2.22534
0.273262,-0.18254,2.22534
0.273635,-0.18161,2.22939
0.273635,-0.18161,2.22939
0.274232,-0.181735,2.23191
0.274232,-0.181735,2.23191
0.274123,-0.182172,2.23136
0.274123,-0.182172,2.23136
0.273705,-0.182165,2.22851
0.273705,-0.182165,2.22851
0.273527,-0.182358,2.22741
0.273527,-0.182358,2.22741
0.273412,-0.181839,2.2255
0.273412,-0.181839,2.2255
0.273713,-0.181562,2.22731
0.273713,-0.181562,2.22731
0.274224,-0.181506,2.22856
0.274224,-0.181506,2.22856
0.27394,-0.181943,2.22426
0.27394,-0.181943,2.22426
0.273775,-0.182502,2.22436
0.273775,-0.182502,2.22436
0.273817,-0.182408,2.22662
0.273817,-0.182408,2.22662
0.273811,-0.183178,2.2273
0.273811,-0.183178,2.2273
0.27333,-0.182697,2.22703
0.27333,-0.182697,2.22703
0.273156,-0.182166,2.22624
0.273156,-0.182166,2.22624
0.273303,-0.182064,2.22557
0.273303,-0.182064,2.22557
0.273503,-0.183004,2.22534
0.273503,-0.183004,2.22534
0.273212,-0.183066,2.2249
0.273212,-0.183066,2.2249
0.273192,-0.182158,2.22281
0.273192,-0.182158,2.22281
0.273179,-0.182338,2.22114
0.273179,-0.182338,2.22114
0.273116,-0.182416,2.22126
0.273116,-0.182416,2.22126
0.273053,-0.181621,2.22332
0.273053,-0.181621,2.22332
0.273494,-0.182184,2.22534
0.273494,-0.182184,2.22534
0.273858,-0.182761,2.22666
0.273858,-0.182761,2.22666
0.273528,-0.182367,2.22463
0.273528,-0.182367,2.22463
0.273697,-0.182332,2.22705
0.273697,-0.182332,2.22705
0.273768,-0.182236,2.22668
0.273768,-0.182236,2.22668
0.273853,-0.182862,2.22961
0.273853,-0.182862,2.22961
0.274382,-0.182371,2.23111
0.274382,-0.182371,2.23111
0.274518,-0.181909,2.23279
0.274518,-0.181909,2.23279
0.274514,-0.182488,2.2291
0.274514,-0.182488,2.2291
0.274124,-0.182735,2.22776
0.274124,-0.182735,2.22776
0.274278,-0.182917,2.22912
0.274278,-0.182917,2.22912
0.273941,-0.182601,2.22805
0.273941,-0.182601,2.22805
0.273723,-0.182369,2.227
0.273723,-0.182369,2.227
0.273723,-0.18217,2.22738
0.273723,-0.18217,2.22738
0.273563,-0.182211,2.22431
0.273563,-0.182211,2.22431
0.273687,-0.182446,2.22543
0.273687,-0.182446,2.22543
0.273576,-0.182638,2.22461
0.273576,-0.182638,2.22461
0.273666,-0.182249,2.22755
0.273666,-0.182249,2.22755
0.274621,-0.182534,2.23348
0.274621,-0.182534,2.23348
0.274315,-0.183093,2.22955
0.274315,-0.183093,2.22955
0.273655,-0.183597,2.22775
0.273655,-0.183597,2.22775
0.273588,-0.182948,2.22591
0.273588,-0.182948,2.22591
0.273815,-0.182829,2.228
0.273815,-0.182829,2.228
0.273873,-0.182905,2.22688
0.273873,-0.182905,2.22688
0.273472,-0.182923,2.22351
0.273472,-0.182923,2.22351
0.273615,-0.182613,2.22539
0.273615,-0.182613,2.22539
0.273411,-0.182043,2.2255
0.273411,-0.182043,2.2255
0.273582,-0.182227,2.22677
0.273582,-0.182227,2.22677
0.273586,-0.182408,2.2274
0.273586,-0.182408,2.2274
0.273495,-0.182338,2.22615
0.273495,-0.182338,2.22615
0.271988,-0.184199,2.21679
0.271988,-0.184199,2.21679
0.272454,-0.184573,2.21979
0.272454,-0.184573,2.21979
0.272905,-0.183388,2.22408
0.272905,-0.183388,2.22408
0.27448,-0.184426,2.22616
0.27448,-0.184426,2.22616
0.274006,-0.184776,2.22591
0.274006,-0.184776,2.22591
0.273793,-0.183364,2.22577
0.273793,-0.183364,2.22577
0.273876,-0.183469,2.22542
0.273876,-0.183469,2.22542
0.273872,-0.18364,2.22577
0.273872,-0.18364,2.22577
0.272182,-0.185073,2.21665
0.272182,-0.185073,2.21665
0.273618,-0.185047,2.21979
0.273618,-0.185047,2.21979
0.273685,-0.185201,2.22225
0.273685,-0.185201,2.22225
0.273394,-0.18463,2.2228
0.273394,-0.18463,2.2228
0.273364,-0.184819,2.22277
0.273364,-0.184819,2.22277
0.27352,-0.186058,2.22563
0.27352,-0.186058,2.22563
0.273586,-0.18607,2.22717
0.273586,-0.18607,2.22717
0.273433,-0.186582,2.22756
0.273433,-0.186582,2.22756
0.273255,-0.186145,2.22515
0.273255,-0.186145,2.22515
0.273492,-0.185146,2.22803
0.273492,-0.185146,2.22803
0.27316,-0.184023,2.22583
0.27316,-0.184023,2.22583
0.272615,-0.18352,2.22623
0.272615,-0.18352,2.22623
0.272765,-0.18398,2.22585
0.272765,-0.18398,2.22585
0.272175,-0.184328,2.22714
0.272175,-0.184328,2.22714
0.273007,-0.184639,2.22882
0.273007,-0.184639,2.22882
0.273369,-0.185411,2.22762
0.273369,-0.185411,2.22762
0.273762,-0.1856,2.22773
0.273762,-0.1856,2.22773
0.274112,-0.184777,2.22917
0.274112,-0.184777,2.22917
0.274077,-0.184613,2.22812
0.274077,-0.184613,2.22812
0.273808,-0.183937,2.22621
0.273808,-0.183937,2.22621
0.273876,-0.18435,2.22633
0.273876,-0.18435,2.22633
0.274061,-0.185069,2.22773
0.274061,-0.185069,2.22773
0.273594,-0.184665,2.22684
0.273594,-0.184665,2.22684
0.27418,-0.185546,2.22819
0.27418,-0.185546,2.22819
0.273757,-0.185152,2.22788
0.273757,-0.185152,2.22788
0.273637,-0.185533,2.2265
0.273637,-0.185533,2.2265
0.273598,-0.185792,2.22669
0.273598,-0.185792,2.22669
0.273583,-0.18556,2.22488
0.273583,-0.18556,2.22488
0.273372,-0.18513,2.22797
0.273372,-0.18513,2.22797
0.273559,-0.186078,2.22747
0.273559,-0.186078,2.22747
0.273743,-0.185194,2.22948
0.273743,-0.185194,2.22948
0.273919,-0.184876,2.2281
0.273919,-0.184876,2.2281
0.273825,-0.184795,2.22851
0.273825,-0.184795,2.22851
0.27343,-0.183995,2.22492
0.27343,-0.183995,2.22492
0.273759,-0.184552,2.22459
0.273759,-0.184552,2.22459
0.273654,-0.18519,2.22623
0.273654,-0.18519,2.22623
0.273705,-0.184887,2.22759
0.273705,-0.184887,2.22759
0.273921,-0.185771,2.22903
0.273921,-0.185771,2.22903
0.273885,-0.185684,2.23015
0.273885,-0.185684,2.23015
0.273964,-0.184717,2.22891
0.273964,-0.184717,2.22891
0.274167,-0.184917,2.2285
0.274167,-0.184917,2.2285
0.273971,-0.184282,2.22827
0.273971,-0.184282,2.22827
0.274035,-0.184078,2.22968
0.274035,-0.184078,2.22968
0.274147,-0.184074,2.23139
0.274147,-0.184074,2.23139
0.274222,-0.18374,2.23107
0.274222,-0.18374,2.23107
0.274086,-0.183992,2.22889
0.274086,-0.183992,2.22889
0.273886,-0.184294,2.22941
0.273886,-0.184294,2.22941
0.274197,-0.185329,2.23088
0.274197,-0.185329,2.23088
0.273978,-0.185816,2.22967
0.273978,-0.185816,2.22967
0.273959,-0.186313,2.22863
0.273959,-0.186313,2.22863
0.273653,-0.185573,2.22758
0.273653,-0.185573,2.22758
0.273377,-0.185507,2.22788
0.273377,-0.185507,2.22788
0.273827,-0.186331,2.22877
0.273827,-0.186331,2.22877
0.273567,-0.186211,2.22931
0.273567,-0.186211,2.22931
0.273079,-0.185348,2.22839
0.273079,-0.185348,2.22839
0.273245,-0.185333,2.22828
0.273245,-0.185333,2.22828
0.27329,-0.185468,2.22773
0.27329,-0.185468,2.22773
0.273405,-0.185453,2.23068
0.273405,-0.185453,2.23068
0.273747,-0.185787,2.2315
0.273747,-0.185787,2.2315
0.273255,-0.185137,2.23021
0.273255,-0.185137,2.23021
0.273479,-0.184912,2.22999
0.273479,-0.184912,2.22999
0.273712,-0.185472,2.22904
0.273712,-0.185472,2.22904
0.27361,-0.185658,2.22874
0.27361,-0.185658,2.22874
0.273844,-0.185305,2.22812
0.273844,-0.185305,2.22812
0.274119,-0.185179,2.22805
0.274119,-0.185179,2.22805
0.273943,-0.184888,2.22635
0.273943,-0.184888,2.22635
0.273586,-0.185243,2.22573
0.273586,-0.185243,2.22573
0.273527,-0.186335,2.22594
0.273527,-0.186335,2.22594
0.273464,-0.185713,2.22659
0.273464,-0.185713,2.22659
0.27358,-0.184881,2.22567
0.27358,-0.184881,2.22567
0.273772,-0.185114,2.22442
0.273772,-0.185114,2.22442
0.273804,-0.185725,2.22729
0.273804,-0.185725,2.22729
0.273552,-0.185569,2.22707
0.273552,-0.185569,2.22707
0.273266,-0.184561,2.22568
0.273266,-0.184561,2.22568
0.273053,-0.184199,2.22189
0.273053,-0.184199,2.22189
0.27369,-0.185181,2.22539
0.27369,-0.185181,2.22539
0.273592,-0.185874,2.22452
0.273592,-0.185874,2.22452
0.273343,-0.186353,2.22129
0.273343,-0.186353,2.22129
0.273669,-0.186447,2.22565
0.273669,-0.186447,2.22565
0.273627,-0.186254,2.22481
0.273627,-0.186254,2.22481
0.273377,-0.185289,2.2253
0.273377,-0.185289,2.2253
0.272955,-0.18539,2.22286
0.272955,-0.18539,2.22286
0.2732,-0.186071,2.2207
0.2732,-0.186071,2.2207
0.273345,-0.185698,2.22461
0.273345,-0.185698,2.22461
0.27353,-0.185787,2.22446
0.27353,-0.185787,2.22446
0.273847,-0.184838,2.22796
0.273847,-0.184838,2.22796
0.274065,-0.185914,2.22995
0.274065,-0.185914,2.22995
0.273727,-0.185079,2.22932
0.273727,-0.185079,2.22932
0.274031,-0.185393,2.2281
0.274031,-0.185393,2.2281
0.274034,-0.185753,2.22774
0.274034,-0.185753,2.22774
0.273883,-0.185584,2.22632
0.273883,-0.185584,2.22632
0.274911,-0.170055,2.23916
0.274911,-0.170055,2.23916
0.277903,-0.17659,2.24906
0.277903,-0.17659,2.24906
0.276324,-0.181562,2.24406
0.276324,-0.181562,2.24406
0.27504,-0.182627,2.23612
0.27504,-0.182627,2.23612
0.27467,-0.182823,2.23465
0.27467,-0.182823,2.23465
0.274313,-0.182932,2.23526
0.274313,-0.182932,2.23526
0.274414,-0.181677,2.23159
0.274414,-0.181677,2.23159
0.274845,-0.1826,2.23195
0.274845,-0.1826,2.23195
0.274345,-0.182998,2.23145
0.274345,-0.182998,2.23145
0.274237,-0.183371,2.22929
0.274237,-0.183371,2.22929
0.273914,-0.182671,2.22847
0.273914,-0.182671,2.22847
0.273677,-0.181869,2.22813
0.273677,-0.181869,2.22813
0.273776,-0.182013,2.22791
0.273776,-0.182013,2.22791
0.273988,-0.182117,2.22967
0.273988,-0.182117,2.22967
0.274666,-0.182678,2.23138
0.274666,-0.182678,2.23138
0.274319,-0.182322,2.22942
0.274319,-0.182322,2.22942
0.274349,-0.182153,2.23065
0.274349,-0.182153,2.23065
0.274553,-0.181668,2.2308
0.274553,-0.181668,2.2308
0.274471,-0.180881,2.23059
0.274471,-0.180881,2.23059
0.274503,-0.180591,2.23184
0.274503,-0.180591,2.23184
0.274718,-0.181506,2.23338
0.274718,-0.181506,2.23338
0.275262,-0.182248,2.23908
0.275262,-0.182248,2.23908
0.275427,-0.182806,2.2397
0.275427,-0.182806,2.2397
0.275681,-0.168669,2.24585
0.275681,-0.168669,2.24585
0.277173,-0.175239,2.24735
0.277173,-0.175239,2.24735
0.275784,-0.179046,2.24345
0.275784,-0.179046,2.24345
0.274733,-0.180754,2.23433
0.274733,-0.180754,2.23433
0.275337,-0.16764,2.24316
0.275337,-0.16764,2.24316
0.277479,-0.175264,2.24745
0.277479,-0.175264,2.24745
0.276096,-0.180388,2.24297
0.276096,-0.180388,2.24297
0.276876,-0.167938,2.25448
0.276876,-0.167938,2.25448
0.279073,-0.173935,2.25237
0.279073,-0.173935,2.25237
0.277935,-0.178597,2.24881
0.277935,-0.178597,2.24881
0.276511,-0.179835,2.2421
0.276511,-0.179835,2.2421
0.276164,-0.181366,2.23964
0.276164,-0.181366,2.23964
0.2761,-0.182432,2.23854
0.2761,-0.182432,2.23854
0.276197,-0.18092,2.23794
0.276197,-0.18092,2.23794
0.275743,-0.18177,2.23809
0.275743,-0.18177,2.23809
0.274678,-0.182085,2.23377
0.274678,-0.182085,2.23377
0.274539,-0.180795,2.23272
0.274539,-0.180795,2.23272
0.274939,-0.180464,2.23518
0.274939,-0.180464,2.23518
0.275476,-0.182144,2.23638
0.275476,-0.182144,2.23638
0.277934,-0.180853,2.24661
0.277934,-0.180853,2.24661
0.277446,-0.180558,2.24629
0.277446,-0.180558,2.24629
0.277107,-0.179988,2.24435
0.277107,-0.179988,2.24435
0.276694,-0.18106,2.24346
0.276694,-0.18106,2.24346
0.276123,-0.181116,2.24179
0.276123,-0.181116,2.24179
0.275787,-0.180028,2.24267
0.275787,-0.180028,2.24267
0.275943,-0.18007,2.24398
0.275943,-0.18007,2.24398
0.276044,-0.180778,2.24327
0.276044,-0.180778,2.24327
0.27576,-0.180889,2.24363
0.27576,-0.180889,2.24363
0.275198,-0.18101,2.23738
0.275198,-0.18101,2.23738
0.274644,-0.181779,2.23401
0.274644,-0.181779,2.23401
0.27615,-0.168633,2.25
0.27615,-0.168633,2.25
0.277504,-0.176014,2.25061
0.277504,-0.176014,2.25061
0.275593,-0.179728,2.24155
0.275593,-0.179728,2.24155
0.274682,-0.180241,2.2348
0.274682,-0.180241,2.2348
0.275382,-0.181148,2.23819
0.275382,-0.181148,2.23819
0.275489,-0.181535,2.23761
0.275489,-0.181535,2.23761
0.27541,-0.181925,2.23582
0.27541,-0.181925,2.23582
0.274911,-0.182098,2.23268
0.274911,-0.182098,2.23268
0.27481,-0.182988,2.23173
0.27481,-0.182988,2.23173
0.274024,-0.182395,2.23305
0.274024,-0.182395,2.23305
0.274654,-0.181582,2.23432
0.274654,-0.181582,2.23432
0.274849,-0.1817,2.23627
0.274849,-0.1817,2.23627
0.275261,-0.182059,2.23685
0.275261,-0.182059,2.23685
0.274983,-0.181964,2.23624
0.274983,-0.181964,2.23624
0.275028,-0.182199,2.23494
0.275028,-0.182199,2.23494
0.27535,-0.182273,2.23388
0.27535,-0.182273,2.23388
0.275699,-0.182602,2.23658
0.275699,-0.182602,2.23658
0.273991,-0.180759,2.22936
0.273991,-0.180759,2.22936
0.273903,-0.181456,2.22853
0.273903,-0.181456,2.22853
0.273761,-0.181787,2.23024
0.273761,-0.181787,2.23024
0.274074,-0.181986,2.2322
0.274074,-0.181986,2.2322
0.274961,-0.181696,2.23769
0.274961,-0.181696,2.23769
0.274913,-0.182339,2.23526
0.274913,-0.182339,2.23526
0.274615,-0.182689,2.2327
0.274615,-0.182689,2.2327
0.274139,-0.182457,2.23199
0.274139,-0.182457,2.23199
0.274194,-0.182536,2.23133
0.274194,-0.182536,2.23133
0.273929,-0.181938,2.2298
0.273929,-0.181938,2.2298
0.274079,-0.182113,2.22933
0.274079,-0.182113,2.22933
0.273889,-0.182451,2.22591
0.273889,-0.182451,2.22591
0.274093,-0.18293,2.22895
0.274093,-0.18293,2.22895
0.273853,-0.182836,2.22738
0.273853,-0.182836,2.22738
0.273956,-0.183266,2.22834
0.273956,-0.183266,2.22834
0.273802,-0.182566,2.22741
0.273802,-0.182566,2.22741
0.273866,-0.182597,2.22771
0.273866,-0.182597,2.22771
0.273922,-0.182558,2.2288
0.273922,-0.182558,2.2288
0.274102,-0.182249,2.22908
0.274102,-0.182249,2.22908
0.274035,-0.181883,2.22916
0.274035,-0.181883,2.22916
0.273816,-0.18188,2.22679
0.273816,-0.18188,2.22679
0.273837,-0.18213,2.22692
0.273837,-0.18213,2.22692
0.273804,-0.181476,2.22842
0.273804,-0.181476,2.22842
0.274797,-0.182326,2.23224
0.274797,-0.182326,2.23224
0.275104,-0.182256,2.23437
0.275104,-0.182256,2.23437
0.274875,-0.18222,2.23319
0.274875,-0.18222,2.23319
0.275409,-0.168373,2.24259
0.275409,-0.168373,2.24259
0.276455,-0.174299,2.24682
0.276455,-0.174299,2.24682
0.275802,-0.179321,2.24569
0.275802,-0.179321,2.24569
0.274818,-0.181247,2.23706
0.274818,-0.181247,2.23706
0.274186,-0.180415,2.23304
0.274186,-0.180415,2.23304
0.274891,-0.181924,2.23365
0.274891,-0.181924,2.23365
0.275414,-0.168225,2.24282
0.275414,-0.168225,2.24282
0.276707,-0.17391,2.24762
0.276707,-0.17391,2.24762
0.275754,-0.177572,2.24084
0.275754,-0.177572,2.24084
0.27452,-0.179536,2.2342
0.27452,-0.179536,2.2342
0.273988,-0.180151,2.22977
0.273988,-0.180151,2.22977
0.274129,-0.179732,2.2326
0.274129,-0.179732,2.2326
0.274632,-0.180574,2.23228
0.274632,-0.180574,2.23228
0.274093,-0.181508,2.23024
0.274093,-0.181508,2.23024
0.273901,-0.182161,2.22957
0.273901,-0.182161,2.22957
0.273763,-0.182235,2.22721
0.273763,-0.182235,2.22721
0.273667,-0.182972,2.22726
0.273667,-0.182972,2.22726
0.273788,-0.182425,2.23016
0.273788,-0.182425,2.23016
0.274158,-0.181987,2.23084
0.274158,-0.181987,2.23084
0.275049,-0.168258,2.24142
0.275049,-0.168258,2.24142
0.277016,-0.175009,2.24826
